x_m,t_s,T_excess_K,alpha_m2_s,source
0,0,0,1e-05,synthetic_analytical
0.001,0,1.570537954,1e-05,synthetic_analytical
0.002,0,3.139525976,1e-05,synthetic_analytical
0.003,0,4.705415666,1e-05,synthetic_analytical
0.004,0,6.266661678,1e-05,synthetic_analytical
0.005,0,7.821723252,1e-05,synthetic_analytical
0.006,0,9.369065729,1e-05,synthetic_analytical
0.007,0,10.90716207,1e-05,synthetic_analytical
0.008,0,12.43449436,1e-05,synthetic_analytical
0.009,0,13.9495553,1e-05,synthetic_analytical
0.01,0,15.45084972,1e-05,synthetic_analytical
0.011,0,16.93689601,1e-05,synthetic_analytical
0.012,0,18.40622763,1e-05,synthetic_analytical
0.013,0,19.85739453,1e-05,synthetic_analytical
0.014,0,21.28896458,1e-05,synthetic_analytical
0.015,0,22.69952499,1e-05,synthetic_analytical
0.016,0,24.08768371,1e-05,synthetic_analytical
0.017,0,25.45207079,1e-05,synthetic_analytical
0.018,0,26.79133975,1e-05,synthetic_analytical
0.019,0,28.10416889,1e-05,synthetic_analytical
0.02,0,29.38926261,1e-05,synthetic_analytical
0.021,0,30.64535268,1e-05,synthetic_analytical
0.022,0,31.87119949,1e-05,synthetic_analytical
0.023,0,33.06559327,1e-05,synthetic_analytical
0.024,0,34.2273553,1e-05,synthetic_analytical
0.025,0,35.35533906,1e-05,synthetic_analytical
0.026,0,36.44843137,1e-05,synthetic_analytical
0.027,0,37.50555348,1e-05,synthetic_analytical
0.028,0,38.52566214,1e-05,synthetic_analytical
0.029,0,39.50775062,1e-05,synthetic_analytical
0.03,0,40.45084972,1e-05,synthetic_analytical
0.031,0,41.35402871,1e-05,synthetic_analytical
0.032,0,42.21639628,1e-05,synthetic_analytical
0.033,0,43.03710135,1e-05,synthetic_analytical
0.034,0,43.815334,1e-05,synthetic_analytical
0.035,0,44.55032621,1e-05,synthetic_analytical
0.036,0,45.24135262,1e-05,synthetic_analytical
0.037,0,45.88773128,1e-05,synthetic_analytical
0.038,0,46.48882429,1e-05,synthetic_analytical
0.039,0,47.04403845,1e-05,synthetic_analytical
0.04,0,47.55282581,1e-05,synthetic_analytical
0.041,0,48.01468428,1e-05,synthetic_analytical
0.042,0,48.42915806,1e-05,synthetic_analytical
0.043,0,48.7958381,1e-05,synthetic_analytical
0.044,0,49.11436254,1e-05,synthetic_analytical
0.045,0,49.38441703,1e-05,synthetic_analytical
0.046,0,49.60573507,1e-05,synthetic_analytical
0.047,0,49.77809823,1e-05,synthetic_analytical
0.048,0,49.90133642,1e-05,synthetic_analytical
0.049,0,49.97532802,1e-05,synthetic_analytical
0.05,0,50,1e-05,synthetic_analytical
0.051,0,49.97532802,1e-05,synthetic_analytical
0.052,0,49.90133642,1e-05,synthetic_analytical
0.053,0,49.77809823,1e-05,synthetic_analytical
0.054,0,49.60573507,1e-05,synthetic_analytical
0.055,0,49.38441703,1e-05,synthetic_analytical
0.056,0,49.11436254,1e-05,synthetic_analytical
0.057,0,48.7958381,1e-05,synthetic_analytical
0.058,0,48.42915806,1e-05,synthetic_analytical
0.059,0,48.01468428,1e-05,synthetic_analytical
0.06,0,47.55282581,1e-05,synthetic_analytical
0.061,0,47.04403845,1e-05,synthetic_analytical
0.062,0,46.48882429,1e-05,synthetic_analytical
0.063,0,45.88773128,1e-05,synthetic_analytical
0.064,0,45.24135262,1e-05,synthetic_analytical
0.065,0,44.55032621,1e-05,synthetic_analytical
0.066,0,43.815334,1e-05,synthetic_analytical
0.067,0,43.03710135,1e-05,synthetic_analytical
0.068,0,42.21639628,1e-05,synthetic_analytical
0.069,0,41.35402871,1e-05,synthetic_analytical
0.07,0,40.45084972,1e-05,synthetic_analytical
0.071,0,39.50775062,1e-05,synthetic_analytical
0.072,0,38.52566214,1e-05,synthetic_analytical
0.073,0,37.50555348,1e-05,synthetic_analytical
0.074,0,36.44843137,1e-05,synthetic_analytical
0.075,0,35.35533906,1e-05,synthetic_analytical
0.076,0,34.2273553,1e-05,synthetic_analytical
0.077,0,33.06559327,1e-05,synthetic_analytical
0.078,0,31.87119949,1e-05,synthetic_analytical
0.079,0,30.64535268,1e-05,synthetic_analytical
0.08,0,29.38926261,1e-05,synthetic_analytical
0.081,0,28.10416889,1e-05,synthetic_analytical
0.082,0,26.79133975,1e-05,synthetic_analytical
0.083,0,25.45207079,1e-05,synthetic_analytical
0.084,0,24.08768371,1e-05,synthetic_analytical
0.085,0,22.69952499,1e-05,synthetic_analytical
0.086,0,21.28896458,1e-05,synthetic_analytical
0.087,0,19.85739453,1e-05,synthetic_analytical
0.088,0,18.40622763,1e-05,synthetic_analytical
0.089,0,16.93689601,1e-05,synthetic_analytical
0.09,0,15.45084972,1e-05,synthetic_analytical
0.091,0,13.9495553,1e-05,synthetic_analytical
0.092,0,12.43449436,1e-05,synthetic_analytical
0.093,0,10.90716207,1e-05,synthetic_analytical
0.094,0,9.369065729,1e-05,synthetic_analytical
0.095,0,7.821723252,1e-05,synthetic_analytical
0.096,0,6.266661678,1e-05,synthetic_analytical
0.097,0,4.705415666,1e-05,synthetic_analytical
0.098,0,3.139525976,1e-05,synthetic_analytical
0.099,0,1.570537954,1e-05,synthetic_analytical
0.1,0,6.123233996e-15,1e-05,synthetic_analytical
0,4,0,1e-05,synthetic_analytical
0.001,4,1.50974353,1e-05,synthetic_analytical
0.002,4,3.017997126,1e-05,synthetic_analytical
0.003,4,4.523272323,1e-05,synthetic_analytical
0.004,4,6.024083596,1e-05,synthetic_analytical
0.005,4,7.518949826,1e-05,synthetic_analytical
0.006,4,9.00639576,1e-05,synthetic_analytical
0.007,4,10.48495347,1e-05,synthetic_analytical
0.008,4,11.95316379,1e-05,synthetic_analytical
0.009,4,13.40957779,1e-05,synthetic_analytical
0.01,4,14.85275815,1e-05,synthetic_analytical
0.011,4,16.28128064,1e-05,synthetic_analytical
0.012,4,17.69373546,1e-05,synthetic_analytical
0.013,4,19.0887287,1e-05,synthetic_analytical
0.014,4,20.46488368,1e-05,synthetic_analytical
0.015,4,21.82084228,1e-05,synthetic_analytical
0.016,4,23.15526635,1e-05,synthetic_analytical
0.017,4,24.46683896,1e-05,synthetic_analytical
0.018,4,25.75426576,1e-05,synthetic_analytical
0.019,4,27.01627621,1e-05,synthetic_analytical
0.02,4,28.25162485,1e-05,synthetic_analytical
0.021,4,29.45909255,1e-05,synthetic_analytical
0.022,4,30.63748769,1e-05,synthetic_analytical
0.023,4,31.78564732,1e-05,synthetic_analytical
0.024,4,32.90243836,1e-05,synthetic_analytical
0.025,4,33.98675866,1e-05,synthetic_analytical
0.026,4,35.03753813,1e-05,synthetic_analytical
0.027,4,36.05373979,1e-05,synthetic_analytical
0.028,4,37.03436075,1e-05,synthetic_analytical
0.029,4,37.97843328,1e-05,synthetic_analytical
0.03,4,38.88502567,1e-05,synthetic_analytical
0.031,4,39.75324324,1e-05,synthetic_analytical
0.032,4,40.58222916,1e-05,synthetic_analytical
0.033,4,41.37116531,1e-05,synthetic_analytical
0.034,4,42.11927313,1e-05,synthetic_analytical
0.035,4,42.8258143,1e-05,synthetic_analytical
0.036,4,43.49009156,1e-05,synthetic_analytical
0.037,4,44.11144936,1e-05,synthetic_analytical
0.038,4,44.68927448,1e-05,synthetic_analytical
0.039,4,45.22299668,1e-05,synthetic_analytical
0.04,4,45.71208925,1e-05,synthetic_analytical
0.041,4,46.1560695,1e-05,synthetic_analytical
0.042,4,46.55449928,1e-05,synthetic_analytical
0.043,4,46.9069854,1e-05,synthetic_analytical
0.044,4,47.21317998,1e-05,synthetic_analytical
0.045,4,47.47278085,1e-05,synthetic_analytical
0.046,4,47.68553182,1e-05,synthetic_analytical
0.047,4,47.85122293,1e-05,synthetic_analytical
0.048,4,47.96969066,1e-05,synthetic_analytical
0.049,4,48.04081809,1e-05,synthetic_analytical
0.05,4,48.06453504,1e-05,synthetic_analytical
0.051,4,48.04081809,1e-05,synthetic_analytical
0.052,4,47.96969066,1e-05,synthetic_analytical
0.053,4,47.85122293,1e-05,synthetic_analytical
0.054,4,47.68553182,1e-05,synthetic_analytical
0.055,4,47.47278085,1e-05,synthetic_analytical
0.056,4,47.21317998,1e-05,synthetic_analytical
0.057,4,46.9069854,1e-05,synthetic_analytical
0.058,4,46.55449928,1e-05,synthetic_analytical
0.059,4,46.1560695,1e-05,synthetic_analytical
0.06,4,45.71208925,1e-05,synthetic_analytical
0.061,4,45.22299668,1e-05,synthetic_analytical
0.062,4,44.68927448,1e-05,synthetic_analytical
0.063,4,44.11144936,1e-05,synthetic_analytical
0.064,4,43.49009156,1e-05,synthetic_analytical
0.065,4,42.8258143,1e-05,synthetic_analytical
0.066,4,42.11927313,1e-05,synthetic_analytical
0.067,4,41.37116531,1e-05,synthetic_analytical
0.068,4,40.58222916,1e-05,synthetic_analytical
0.069,4,39.75324324,1e-05,synthetic_analytical
0.07,4,38.88502567,1e-05,synthetic_analytical
0.071,4,37.97843328,1e-05,synthetic_analytical
0.072,4,37.03436075,1e-05,synthetic_analytical
0.073,4,36.05373979,1e-05,synthetic_analytical
0.074,4,35.03753813,1e-05,synthetic_analytical
0.075,4,33.98675866,1e-05,synthetic_analytical
0.076,4,32.90243836,1e-05,synthetic_analytical
0.077,4,31.78564732,1e-05,synthetic_analytical
0.078,4,30.63748769,1e-05,synthetic_analytical
0.079,4,29.45909255,1e-05,synthetic_analytical
0.08,4,28.25162485,1e-05,synthetic_analytical
0.081,4,27.01627621,1e-05,synthetic_analytical
0.082,4,25.75426576,1e-05,synthetic_analytical
0.083,4,24.46683896,1e-05,synthetic_analytical
0.084,4,23.15526635,1e-05,synthetic_analytical
0.085,4,21.82084228,1e-05,synthetic_analytical
0.086,4,20.46488368,1e-05,synthetic_analytical
0.087,4,19.0887287,1e-05,synthetic_analytical
0.088,4,17.69373546,1e-05,synthetic_analytical
0.089,4,16.28128064,1e-05,synthetic_analytical
0.09,4,14.85275815,1e-05,synthetic_analytical
0.091,4,13.40957779,1e-05,synthetic_analytical
0.092,4,11.95316379,1e-05,synthetic_analytical
0.093,4,10.48495347,1e-05,synthetic_analytical
0.094,4,9.00639576,1e-05,synthetic_analytical
0.095,4,7.518949826,1e-05,synthetic_analytical
0.096,4,6.024083596,1e-05,synthetic_analytical
0.097,4,4.523272323,1e-05,synthetic_analytical
0.098,4,3.017997126,1e-05,synthetic_analytical
0.099,4,1.50974353,1e-05,synthetic_analytical
0.1,4,5.886207898e-15,1e-05,synthetic_analytical
0,8,0,1e-05,synthetic_analytical
0.001,8,1.451302416,1e-05,synthetic_analytical
0.002,8,2.901172572,1e-05,synthetic_analytical
0.003,8,4.348179621,1e-05,synthetic_analytical
0.004,8,5.790895541,1e-05,synthetic_analytical
0.005,8,7.227896547,1e-05,synthetic_analytical
0.006,8,8.657764491,1e-05,synthetic_analytical
0.007,8,10.07908827,1e-05,synthetic_analytical
0.008,8,11.4904652,1e-05,synthetic_analytical
0.009,8,12.89050243,1e-05,synthetic_analytical
0.01,8,14.27781829,1e-05,synthetic_analytical
0.011,8,15.65104367,1e-05,synthetic_analytical
0.012,8,17.00882336,1e-05,synthetic_analytical
0.013,8,18.34981739,1e-05,synthetic_analytical
0.014,8,19.67270237,1e-05,synthetic_analytical
0.015,8,20.97617277,1e-05,synthetic_analytical
0.016,8,22.25894221,1e-05,synthetic_analytical
0.017,8,23.51974477,1e-05,synthetic_analytical
0.018,8,24.75733618,1e-05,synthetic_analytical
0.019,8,25.97049509,1e-05,synthetic_analytical
0.02,8,27.15802425,1e-05,synthetic_analytical
0.021,8,28.31875172,1e-05,synthetic_analytical
0.022,8,29.45153201,1e-05,synthetic_analytical
0.023,8,30.55524719,1e-05,synthetic_analytical
0.024,8,31.62880802,1e-05,synthetic_analytical
0.025,8,32.67115505,1e-05,synthetic_analytical
0.026,8,33.68125958,1e-05,synthetic_analytical
0.027,8,34.65812478,1e-05,synthetic_analytical
0.028,8,35.6007866,1e-05,synthetic_analytical
0.029,8,36.50831474,1e-05,synthetic_analytical
0.03,8,37.37981357,1e-05,synthetic_analytical
0.031,8,38.21442305,1e-05,synthetic_analytical
0.032,8,39.0113195,1e-05,synthetic_analytical
0.033,8,39.76971649,1e-05,synthetic_analytical
0.034,8,40.48886558,1e-05,synthetic_analytical
0.035,8,41.16805704,1e-05,synthetic_analytical
0.036,8,41.80662059,1e-05,synthetic_analytical
0.037,8,42.40392607,1e-05,synthetic_analytical
0.038,8,42.95938398,1e-05,synthetic_analytical
0.039,8,43.47244617,1e-05,synthetic_analytical
0.04,8,43.94260631,1e-05,synthetic_analytical
0.041,8,44.36940039,1e-05,synthetic_analytical
0.042,8,44.75240724,1e-05,synthetic_analytical
0.043,8,45.09124886,1e-05,synthetic_analytical
0.044,8,45.38559086,1e-05,synthetic_analytical
0.045,8,45.63514277,1e-05,synthetic_analytical
0.046,8,45.8396583,1e-05,synthetic_analytical
0.047,8,45.99893562,1e-05,synthetic_analytical
0.048,8,46.11281754,1e-05,synthetic_analytical
0.049,8,46.18119168,1e-05,synthetic_analytical
0.05,8,46.20399056,1e-05,synthetic_analytical
0.051,8,46.18119168,1e-05,synthetic_analytical
0.052,8,46.11281754,1e-05,synthetic_analytical
0.053,8,45.99893562,1e-05,synthetic_analytical
0.054,8,45.8396583,1e-05,synthetic_analytical
0.055,8,45.63514277,1e-05,synthetic_analytical
0.056,8,45.38559086,1e-05,synthetic_analytical
0.057,8,45.09124886,1e-05,synthetic_analytical
0.058,8,44.75240724,1e-05,synthetic_analytical
0.059,8,44.36940039,1e-05,synthetic_analytical
0.06,8,43.94260631,1e-05,synthetic_analytical
0.061,8,43.47244617,1e-05,synthetic_analytical
0.062,8,42.95938398,1e-05,synthetic_analytical
0.063,8,42.40392607,1e-05,synthetic_analytical
0.064,8,41.80662059,1e-05,synthetic_analytical
0.065,8,41.16805704,1e-05,synthetic_analytical
0.066,8,40.48886558,1e-05,synthetic_analytical
0.067,8,39.76971649,1e-05,synthetic_analytical
0.068,8,39.0113195,1e-05,synthetic_analytical
0.069,8,38.21442305,1e-05,synthetic_analytical
0.07,8,37.37981357,1e-05,synthetic_analytical
0.071,8,36.50831474,1e-05,synthetic_analytical
0.072,8,35.6007866,1e-05,synthetic_analytical
0.073,8,34.65812478,1e-05,synthetic_analytical
0.074,8,33.68125958,1e-05,synthetic_analytical
0.075,8,32.67115505,1e-05,synthetic_analytical
0.076,8,31.62880802,1e-05,synthetic_analytical
0.077,8,30.55524719,1e-05,synthetic_analytical
0.078,8,29.45153201,1e-05,synthetic_analytical
0.079,8,28.31875172,1e-05,synthetic_analytical
0.08,8,27.15802425,1e-05,synthetic_analytical
0.081,8,25.97049509,1e-05,synthetic_analytical
0.082,8,24.75733618,1e-05,synthetic_analytical
0.083,8,23.51974477,1e-05,synthetic_analytical
0.084,8,22.25894221,1e-05,synthetic_analytical
0.085,8,20.97617277,1e-05,synthetic_analytical
0.086,8,19.67270237,1e-05,synthetic_analytical
0.087,8,18.34981739,1e-05,synthetic_analytical
0.088,8,17.00882336,1e-05,synthetic_analytical
0.089,8,15.65104367,1e-05,synthetic_analytical
0.09,8,14.27781829,1e-05,synthetic_analytical
0.091,8,12.89050243,1e-05,synthetic_analytical
0.092,8,11.4904652,1e-05,synthetic_analytical
0.093,8,10.07908827,1e-05,synthetic_analytical
0.094,8,8.657764491,1e-05,synthetic_analytical
0.095,8,7.227896547,1e-05,synthetic_analytical
0.096,8,5.790895541,1e-05,synthetic_analytical
0.097,8,4.348179621,1e-05,synthetic_analytical
0.098,8,2.901172572,1e-05,synthetic_analytical
0.099,8,1.451302416,1e-05,synthetic_analytical
0.1,8,5.658356915e-15,1e-05,synthetic_analytical
0,12,0,1e-05,synthetic_analytical
0.001,12,1.395123517,1e-05,synthetic_analytical
0.002,12,2.788870215,1e-05,synthetic_analytical
0.003,12,4.179864634,1e-05,synthetic_analytical
0.004,12,5.566734032,1e-05,synthetic_analytical
0.005,12,6.948109736,1e-05,synthetic_analytical
0.006,12,8.322628494,1e-05,synthetic_analytical
0.007,12,9.688933823,1e-05,synthetic_analytical
0.008,12,11.04567734,1e-05,synthetic_analytical
0.009,12,12.39152011,1e-05,synthetic_analytical
0.01,12,13.72513395,1e-05,synthetic_analytical
0.011,12,15.04520274,1e-05,synthetic_analytical
0.012,12,16.35042373,1e-05,synthetic_analytical
0.013,12,17.63950882,1e-05,synthetic_analytical
0.014,12,18.91118585,1e-05,synthetic_analytical
0.015,12,20.16419982,1e-05,synthetic_analytical
0.016,12,21.39731416,1e-05,synthetic_analytical
0.017,12,22.60931193,1e-05,synthetic_analytical
0.018,12,23.79899704,1e-05,synthetic_analytical
0.019,12,24.96519542,1e-05,synthetic_analytical
0.02,12,26.10675616,1e-05,synthetic_analytical
0.021,12,27.22255269,1e-05,synthetic_analytical
0.022,12,28.31148384,1e-05,synthetic_analytical
0.023,12,29.37247498,1e-05,synthetic_analytical
0.024,12,30.40447903,1e-05,synthetic_analytical
0.025,12,31.40647753,1e-05,synthetic_analytical
0.026,12,32.37748163,1e-05,synthetic_analytical
0.027,12,33.31653306,1e-05,synthetic_analytical
0.028,12,34.2227051,1e-05,synthetic_analytical
0.029,12,35.09510346,1e-05,synthetic_analytical
0.03,12,35.93286718,1e-05,synthetic_analytical
0.031,12,36.73516951,1e-05,synthetic_analytical
0.032,12,37.50121866,1e-05,synthetic_analytical
0.033,12,38.23025864,1e-05,synthetic_analytical
0.034,12,38.92156996,1e-05,synthetic_analytical
0.035,12,39.5744704,1e-05,synthetic_analytical
0.036,12,40.18831561,1e-05,synthetic_analytical
0.037,12,40.7624998,1e-05,synthetic_analytical
0.038,12,41.29645633,1e-05,synthetic_analytical
0.039,12,41.78965824,1e-05,synthetic_analytical
0.04,12,42.24161881,1e-05,synthetic_analytical
0.041,12,42.65189199,1e-05,synthetic_analytical
0.042,12,43.02007291,1e-05,synthetic_analytical
0.043,12,43.34579821,1e-05,synthetic_analytical
0.044,12,43.62874644,1e-05,synthetic_analytical
0.045,12,43.86863837,1e-05,synthetic_analytical
0.046,12,44.06523725,1e-05,synthetic_analytical
0.047,12,44.21834905,1e-05,synthetic_analytical
0.048,12,44.32782269,1e-05,synthetic_analytical
0.049,12,44.39355011,1e-05,synthetic_analytical
0.05,12,44.41546647,1e-05,synthetic_analytical
0.051,12,44.39355011,1e-05,synthetic_analytical
0.052,12,44.32782269,1e-05,synthetic_analytical
0.053,12,44.21834905,1e-05,synthetic_analytical
0.054,12,44.06523725,1e-05,synthetic_analytical
0.055,12,43.86863837,1e-05,synthetic_analytical
0.056,12,43.62874644,1e-05,synthetic_analytical
0.057,12,43.34579821,1e-05,synthetic_analytical
0.058,12,43.02007291,1e-05,synthetic_analytical
0.059,12,42.65189199,1e-05,synthetic_analytical
0.06,12,42.24161881,1e-05,synthetic_analytical
0.061,12,41.78965824,1e-05,synthetic_analytical
0.062,12,41.29645633,1e-05,synthetic_analytical
0.063,12,40.7624998,1e-05,synthetic_analytical
0.064,12,40.18831561,1e-05,synthetic_analytical
0.065,12,39.5744704,1e-05,synthetic_analytical
0.066,12,38.92156996,1e-05,synthetic_analytical
0.067,12,38.23025864,1e-05,synthetic_analytical
0.068,12,37.50121866,1e-05,synthetic_analytical
0.069,12,36.73516951,1e-05,synthetic_analytical
0.07,12,35.93286718,1e-05,synthetic_analytical
0.071,12,35.09510346,1e-05,synthetic_analytical
0.072,12,34.2227051,1e-05,synthetic_analytical
0.073,12,33.31653306,1e-05,synthetic_analytical
0.074,12,32.37748163,1e-05,synthetic_analytical
0.075,12,31.40647753,1e-05,synthetic_analytical
0.076,12,30.40447903,1e-05,synthetic_analytical
0.077,12,29.37247498,1e-05,synthetic_analytical
0.078,12,28.31148384,1e-05,synthetic_analytical
0.079,12,27.22255269,1e-05,synthetic_analytical
0.08,12,26.10675616,1e-05,synthetic_analytical
0.081,12,24.96519542,1e-05,synthetic_analytical
0.082,12,23.79899704,1e-05,synthetic_analytical
0.083,12,22.60931193,1e-05,synthetic_analytical
0.084,12,21.39731416,1e-05,synthetic_analytical
0.085,12,20.16419982,1e-05,synthetic_analytical
0.086,12,18.91118585,1e-05,synthetic_analytical
0.087,12,17.63950882,1e-05,synthetic_analytical
0.088,12,16.35042373,1e-05,synthetic_analytical
0.089,12,15.04520274,1e-05,synthetic_analytical
0.09,12,13.72513395,1e-05,synthetic_analytical
0.091,12,12.39152011,1e-05,synthetic_analytical
0.092,12,11.04567734,1e-05,synthetic_analytical
0.093,12,9.688933823,1e-05,synthetic_analytical
0.094,12,8.322628494,1e-05,synthetic_analytical
0.095,12,6.948109736,1e-05,synthetic_analytical
0.096,12,5.566734032,1e-05,synthetic_analytical
0.097,12,4.179864634,1e-05,synthetic_analytical
0.098,12,2.788870215,1e-05,synthetic_analytical
0.099,12,1.395123517,1e-05,synthetic_analytical
0.1,12,5.439325884e-15,1e-05,synthetic_analytical
0,16,0,1e-05,synthetic_analytical
0.001,16,1.341119263,1e-05,synthetic_analytical
0.002,16,2.680915003,1e-05,synthetic_analytical
0.003,16,4.018065003,1e-05,synthetic_analytical
0.004,16,5.351249659,1e-05,synthetic_analytical
0.005,16,6.679153277,1e-05,synthetic_analytical
0.006,16,8.000465377,1e-05,synthetic_analytical
0.007,16,9.313881984,1e-05,synthetic_analytical
0.008,16,10.61810691,1e-05,synthetic_analytical
0.009,16,11.91185305,1e-05,synthetic_analytical
0.01,16,13.19384363,1e-05,synthetic_analytical
0.011,16,14.46281348,1e-05,synthetic_analytical
0.012,16,15.71751028,1e-05,synthetic_analytical
0.013,16,16.95669579,1e-05,synthetic_analytical
0.014,16,18.17914709,1e-05,synthetic_analytical
0.015,16,19.38365777,1e-05,synthetic_analytical
0.016,16,20.56903912,1e-05,synthetic_analytical
0.017,16,21.73412131,1e-05,synthetic_analytical
0.018,16,22.87775455,1e-05,synthetic_analytical
0.019,16,23.9988102,1e-05,synthetic_analytical
0.02,16,25.09618193,1e-05,synthetic_analytical
0.021,16,26.16878675,1e-05,synthetic_analytical
0.022,16,27.21556614,1e-05,synthetic_analytical
0.023,16,28.23548705,1e-05,synthetic_analytical
0.024,16,29.22754295,1e-05,synthetic_analytical
0.025,16,30.19075479,1e-05,synthetic_analytical
0.026,16,31.124172,1e-05,synthetic_analytical
0.027,16,32.02687341,1e-05,synthetic_analytical
0.028,16,32.89796816,1e-05,synthetic_analytical
0.029,16,33.73659659,1e-05,synthetic_analytical
0.03,16,34.54193107,1e-05,synthetic_analytical
0.031,16,35.31317684,1e-05,synthetic_analytical
0.032,16,36.04957277,1e-05,synthetic_analytical
0.033,16,36.75039211,1e-05,synthetic_analytical
0.034,16,37.41494326,1e-05,synthetic_analytical
0.035,16,38.04257038,1e-05,synthetic_analytical
0.036,16,38.63265407,1e-05,synthetic_analytical
0.037,16,39.184612,1e-05,synthetic_analytical
0.038,16,39.69789944,1e-05,synthetic_analytical
0.039,16,40.17200985,1e-05,synthetic_analytical
0.04,16,40.60647534,1e-05,synthetic_analytical
0.041,16,41.00086714,1e-05,synthetic_analytical
0.042,16,41.35479604,1e-05,synthetic_analytical
0.043,16,41.66791274,1e-05,synthetic_analytical
0.044,16,41.93990824,1e-05,synthetic_analytical
0.045,16,42.17051412,1e-05,synthetic_analytical
0.046,16,42.35950279,1e-05,synthetic_analytical
0.047,16,42.50668775,1e-05,synthetic_analytical
0.048,16,42.61192373,1e-05,synthetic_analytical
0.049,16,42.6751069,1e-05,synthetic_analytical
0.05,16,42.69617488,1e-05,synthetic_analytical
0.051,16,42.6751069,1e-05,synthetic_analytical
0.052,16,42.61192373,1e-05,synthetic_analytical
0.053,16,42.50668775,1e-05,synthetic_analytical
0.054,16,42.35950279,1e-05,synthetic_analytical
0.055,16,42.17051412,1e-05,synthetic_analytical
0.056,16,41.93990824,1e-05,synthetic_analytical
0.057,16,41.66791274,1e-05,synthetic_analytical
0.058,16,41.35479604,1e-05,synthetic_analytical
0.059,16,41.00086714,1e-05,synthetic_analytical
0.06,16,40.60647534,1e-05,synthetic_analytical
0.061,16,40.17200985,1e-05,synthetic_analytical
0.062,16,39.69789944,1e-05,synthetic_analytical
0.063,16,39.184612,1e-05,synthetic_analytical
0.064,16,38.63265407,1e-05,synthetic_analytical
0.065,16,38.04257038,1e-05,synthetic_analytical
0.066,16,37.41494326,1e-05,synthetic_analytical
0.067,16,36.75039211,1e-05,synthetic_analytical
0.068,16,36.04957277,1e-05,synthetic_analytical
0.069,16,35.31317684,1e-05,synthetic_analytical
0.07,16,34.54193107,1e-05,synthetic_analytical
0.071,16,33.73659659,1e-05,synthetic_analytical
0.072,16,32.89796816,1e-05,synthetic_analytical
0.073,16,32.02687341,1e-05,synthetic_analytical
0.074,16,31.124172,1e-05,synthetic_analytical
0.075,16,30.19075479,1e-05,synthetic_analytical
0.076,16,29.22754295,1e-05,synthetic_analytical
0.077,16,28.23548705,1e-05,synthetic_analytical
0.078,16,27.21556614,1e-05,synthetic_analytical
0.079,16,26.16878675,1e-05,synthetic_analytical
0.08,16,25.09618193,1e-05,synthetic_analytical
0.081,16,23.9988102,1e-05,synthetic_analytical
0.082,16,22.87775455,1e-05,synthetic_analytical
0.083,16,21.73412131,1e-05,synthetic_analytical
0.084,16,20.56903912,1e-05,synthetic_analytical
0.085,16,19.38365777,1e-05,synthetic_analytical
0.086,16,18.17914709,1e-05,synthetic_analytical
0.087,16,16.95669579,1e-05,synthetic_analytical
0.088,16,15.71751028,1e-05,synthetic_analytical
0.089,16,14.46281348,1e-05,synthetic_analytical
0.09,16,13.19384363,1e-05,synthetic_analytical
0.091,16,11.91185305,1e-05,synthetic_analytical
0.092,16,10.61810691,1e-05,synthetic_analytical
0.093,16,9.313881984,1e-05,synthetic_analytical
0.094,16,8.000465377,1e-05,synthetic_analytical
0.095,16,6.679153277,1e-05,synthetic_analytical
0.096,16,5.351249659,1e-05,synthetic_analytical
0.097,16,4.018065003,1e-05,synthetic_analytical
0.098,16,2.680915003,1e-05,synthetic_analytical
0.099,16,1.341119263,1e-05,synthetic_analytical
0.1,16,5.228773391e-15,1e-05,synthetic_analytical
0,20,0,1e-05,synthetic_analytical
0.001,20,1.289205476,1e-05,synthetic_analytical
0.002,20,2.577138662,1e-05,synthetic_analytical
0.003,20,3.862528523,1e-05,synthetic_analytical
0.004,20,5.144106534,1e-05,synthetic_analytical
0.005,20,6.420607934,1e-05,synthetic_analytical
0.006,20,7.690772969,1e-05,synthetic_analytical
0.007,20,8.953348139,1e-05,synthetic_analytical
0.008,20,10.20708744,1e-05,synthetic_analytical
0.009,20,11.45075357,1e-05,synthetic_analytical
0.01,20,12.68311919,1e-05,synthetic_analytical
0.011,20,13.90296811,1e-05,synthetic_analytical
0.012,20,15.10909647,1e-05,synthetic_analytical
0.013,20,16.30031398,1e-05,synthetic_analytical
0.014,20,17.47544505,1e-05,synthetic_analytical
0.015,20,18.63332996,1e-05,synthetic_analytical
0.016,20,19.77282603,1e-05,synthetic_analytical
0.017,20,20.8928087,1e-05,synthetic_analytical
0.018,20,21.9921727,1e-05,synthetic_analytical
0.019,20,23.06983307,1e-05,synthetic_analytical
0.02,20,24.12472631,1e-05,synthetic_analytical
0.021,20,25.15581135,1e-05,synthetic_analytical
0.022,20,26.16207065,1e-05,synthetic_analytical
0.023,20,27.14251113,1e-05,synthetic_analytical
0.024,20,28.09616524,1e-05,synthetic_analytical
0.025,20,29.02209183,1e-05,synthetic_analytical
0.026,20,29.91937711,1e-05,synthetic_analytical
0.027,20,30.78713558,1e-05,synthetic_analytical
0.028,20,31.62451087,1e-05,synthetic_analytical
0.029,20,32.43067658,1e-05,synthetic_analytical
0.03,20,33.20483713,1e-05,synthetic_analytical
0.031,20,33.94622851,1e-05,synthetic_analytical
0.032,20,34.65411906,1e-05,synthetic_analytical
0.033,20,35.32781019,1e-05,synthetic_analytical
0.034,20,35.96663703,1e-05,synthetic_analytical
0.035,20,36.56996914,1e-05,synthetic_analytical
0.036,20,37.1372111,1e-05,synthetic_analytical
0.037,20,37.66780312,1e-05,synthetic_analytical
0.038,20,38.16122157,1e-05,synthetic_analytical
0.039,20,38.6169795,1e-05,synthetic_analytical
0.04,20,39.03462714,1e-05,synthetic_analytical
0.041,20,39.41375231,1e-05,synthetic_analytical
0.042,20,39.75398086,1e-05,synthetic_analytical
0.043,20,40.05497703,1e-05,synthetic_analytical
0.044,20,40.31644378,1e-05,synthetic_analytical
0.045,20,40.53812307,1e-05,synthetic_analytical
0.046,20,40.71979612,1e-05,synthetic_analytical
0.047,20,40.86128365,1e-05,synthetic_analytical
0.048,20,40.96244603,1e-05,synthetic_analytical
0.049,20,41.02318341,1e-05,synthetic_analytical
0.05,20,41.04343587,1e-05,synthetic_analytical
0.051,20,41.02318341,1e-05,synthetic_analytical
0.052,20,40.96244603,1e-05,synthetic_analytical
0.053,20,40.86128365,1e-05,synthetic_analytical
0.054,20,40.71979612,1e-05,synthetic_analytical
0.055,20,40.53812307,1e-05,synthetic_analytical
0.056,20,40.31644378,1e-05,synthetic_analytical
0.057,20,40.05497703,1e-05,synthetic_analytical
0.058,20,39.75398086,1e-05,synthetic_analytical
0.059,20,39.41375231,1e-05,synthetic_analytical
0.06,20,39.03462714,1e-05,synthetic_analytical
0.061,20,38.6169795,1e-05,synthetic_analytical
0.062,20,38.16122157,1e-05,synthetic_analytical
0.063,20,37.66780312,1e-05,synthetic_analytical
0.064,20,37.1372111,1e-05,synthetic_analytical
0.065,20,36.56996914,1e-05,synthetic_analytical
0.066,20,35.96663703,1e-05,synthetic_analytical
0.067,20,35.32781019,1e-05,synthetic_analytical
0.068,20,34.65411906,1e-05,synthetic_analytical
0.069,20,33.94622851,1e-05,synthetic_analytical
0.07,20,33.20483713,1e-05,synthetic_analytical
0.071,20,32.43067658,1e-05,synthetic_analytical
0.072,20,31.62451087,1e-05,synthetic_analytical
0.073,20,30.78713558,1e-05,synthetic_analytical
0.074,20,29.91937711,1e-05,synthetic_analytical
0.075,20,29.02209183,1e-05,synthetic_analytical
0.076,20,28.09616524,1e-05,synthetic_analytical
0.077,20,27.14251113,1e-05,synthetic_analytical
0.078,20,26.16207065,1e-05,synthetic_analytical
0.079,20,25.15581135,1e-05,synthetic_analytical
0.08,20,24.12472631,1e-05,synthetic_analytical
0.081,20,23.06983307,1e-05,synthetic_analytical
0.082,20,21.9921727,1e-05,synthetic_analytical
0.083,20,20.8928087,1e-05,synthetic_analytical
0.084,20,19.77282603,1e-05,synthetic_analytical
0.085,20,18.63332996,1e-05,synthetic_analytical
0.086,20,17.47544505,1e-05,synthetic_analytical
0.087,20,16.30031398,1e-05,synthetic_analytical
0.088,20,15.10909647,1e-05,synthetic_analytical
0.089,20,13.90296811,1e-05,synthetic_analytical
0.09,20,12.68311919,1e-05,synthetic_analytical
0.091,20,11.45075357,1e-05,synthetic_analytical
0.092,20,10.20708744,1e-05,synthetic_analytical
0.093,20,8.953348139,1e-05,synthetic_analytical
0.094,20,7.690772969,1e-05,synthetic_analytical
0.095,20,6.420607934,1e-05,synthetic_analytical
0.096,20,5.144106534,1e-05,synthetic_analytical
0.097,20,3.862528523,1e-05,synthetic_analytical
0.098,20,2.577138662,1e-05,synthetic_analytical
0.099,20,1.289205476,1e-05,synthetic_analytical
0.1,20,5.026371237e-15,1e-05,synthetic_analytical
0,24,0,1e-05,synthetic_analytical
0.001,24,1.239301235,1e-05,synthetic_analytical
0.002,24,2.47737943,1e-05,synthetic_analytical
0.003,24,3.71301275,1e-05,synthetic_analytical
0.004,24,4.944981775,1e-05,synthetic_analytical
0.005,24,6.1720707,1e-05,synthetic_analytical
0.006,24,7.393068536,1e-05,synthetic_analytical
0.007,24,8.606770306,1e-05,synthetic_analytical
0.008,24,9.811978233,1e-05,synthetic_analytical
0.009,24,11.00750292,1e-05,synthetic_analytical
0.01,24,12.19216454,1e-05,synthetic_analytical
0.011,24,13.36479395,1e-05,synthetic_analytical
0.012,24,14.52423393,1e-05,synthetic_analytical
0.013,24,15.66934025,1e-05,synthetic_analytical
0.014,24,16.79898282,1e-05,synthetic_analytical
0.015,24,17.91204682,1e-05,synthetic_analytical
0.016,24,19.00743379,1e-05,synthetic_analytical
0.017,24,20.08406272,1e-05,synthetic_analytical
0.018,24,21.1408711,1e-05,synthetic_analytical
0.019,24,22.176816,1e-05,synthetic_analytical
0.02,24,23.19087506,1e-05,synthetic_analytical
0.021,24,24.18204752,1e-05,synthetic_analytical
0.022,24,25.14935522,1e-05,synthetic_analytical
0.023,24,26.09184355,1e-05,synthetic_analytical
0.024,24,27.00858237,1e-05,synthetic_analytical
0.025,24,27.89866699,1e-05,synthetic_analytical
0.026,24,28.76121899,1e-05,synthetic_analytical
0.027,24,29.59538714,1e-05,synthetic_analytical
0.028,24,30.40034821,1e-05,synthetic_analytical
0.029,24,31.17530781,1e-05,synthetic_analytical
0.03,24,31.91950115,1e-05,synthetic_analytical
0.031,24,32.63219379,1e-05,synthetic_analytical
0.032,24,33.3126824,1e-05,synthetic_analytical
0.033,24,33.96029541,1e-05,synthetic_analytical
0.034,24,34.57439371,1e-05,synthetic_analytical
0.035,24,35.15437126,1e-05,synthetic_analytical
0.036,24,35.69965568,1e-05,synthetic_analytical
0.037,24,36.20970886,1e-05,synthetic_analytical
0.038,24,36.68402743,1e-05,synthetic_analytical
0.039,24,37.12214329,1e-05,synthetic_analytical
0.04,24,37.52362407,1e-05,synthetic_analytical
0.041,24,37.88807357,1e-05,synthetic_analytical
0.042,24,38.21513212,1e-05,synthetic_analytical
0.043,24,38.50447694,1e-05,synthetic_analytical
0.044,24,38.75582249,1e-05,synthetic_analytical
0.045,24,38.96892073,1e-05,synthetic_analytical
0.046,24,39.14356135,1e-05,synthetic_analytical
0.047,24,39.27957199,1e-05,synthetic_analytical
0.048,24,39.37681844,1e-05,synthetic_analytical
0.049,24,39.43520473,1e-05,synthetic_analytical
0.05,24,39.45467323,1e-05,synthetic_analytical
0.051,24,39.43520473,1e-05,synthetic_analytical
0.052,24,39.37681844,1e-05,synthetic_analytical
0.053,24,39.27957199,1e-05,synthetic_analytical
0.054,24,39.14356135,1e-05,synthetic_analytical
0.055,24,38.96892073,1e-05,synthetic_analytical
0.056,24,38.75582249,1e-05,synthetic_analytical
0.057,24,38.50447694,1e-05,synthetic_analytical
0.058,24,38.21513212,1e-05,synthetic_analytical
0.059,24,37.88807357,1e-05,synthetic_analytical
0.06,24,37.52362407,1e-05,synthetic_analytical
0.061,24,37.12214329,1e-05,synthetic_analytical
0.062,24,36.68402743,1e-05,synthetic_analytical
0.063,24,36.20970886,1e-05,synthetic_analytical
0.064,24,35.69965568,1e-05,synthetic_analytical
0.065,24,35.15437126,1e-05,synthetic_analytical
0.066,24,34.57439371,1e-05,synthetic_analytical
0.067,24,33.96029541,1e-05,synthetic_analytical
0.068,24,33.3126824,1e-05,synthetic_analytical
0.069,24,32.63219379,1e-05,synthetic_analytical
0.07,24,31.91950115,1e-05,synthetic_analytical
0.071,24,31.17530781,1e-05,synthetic_analytical
0.072,24,30.40034821,1e-05,synthetic_analytical
0.073,24,29.59538714,1e-05,synthetic_analytical
0.074,24,28.76121899,1e-05,synthetic_analytical
0.075,24,27.89866699,1e-05,synthetic_analytical
0.076,24,27.00858237,1e-05,synthetic_analytical
0.077,24,26.09184355,1e-05,synthetic_analytical
0.078,24,25.14935522,1e-05,synthetic_analytical
0.079,24,24.18204752,1e-05,synthetic_analytical
0.08,24,23.19087506,1e-05,synthetic_analytical
0.081,24,22.176816,1e-05,synthetic_analytical
0.082,24,21.1408711,1e-05,synthetic_analytical
0.083,24,20.08406272,1e-05,synthetic_analytical
0.084,24,19.00743379,1e-05,synthetic_analytical
0.085,24,17.91204682,1e-05,synthetic_analytical
0.086,24,16.79898282,1e-05,synthetic_analytical
0.087,24,15.66934025,1e-05,synthetic_analytical
0.088,24,14.52423393,1e-05,synthetic_analytical
0.089,24,13.36479395,1e-05,synthetic_analytical
0.09,24,12.19216454,1e-05,synthetic_analytical
0.091,24,11.00750292,1e-05,synthetic_analytical
0.092,24,9.811978233,1e-05,synthetic_analytical
0.093,24,8.606770306,1e-05,synthetic_analytical
0.094,24,7.393068536,1e-05,synthetic_analytical
0.095,24,6.1720707,1e-05,synthetic_analytical
0.096,24,4.944981775,1e-05,synthetic_analytical
0.097,24,3.71301275,1e-05,synthetic_analytical
0.098,24,2.47737943,1e-05,synthetic_analytical
0.099,24,1.239301235,1e-05,synthetic_analytical
0.1,24,4.831803928e-15,1e-05,synthetic_analytical
0,28,0,1e-05,synthetic_analytical
0.001,28,1.191328753,1e-05,synthetic_analytical
0.002,28,2.381481808,1e-05,synthetic_analytical
0.003,28,3.569284628,1e-05,synthetic_analytical
0.004,28,4.753564995,1e-05,synthetic_analytical
0.005,28,5.933154168,1e-05,synthetic_analytical
0.006,28,7.106888034,1e-05,synthetic_analytical
0.007,28,8.273608259,1e-05,synthetic_analytical
0.008,28,9.432163431,1e-05,synthetic_analytical
0.009,28,10.5814102,1e-05,synthetic_analytical
0.01,28,11.72021439,1e-05,synthetic_analytical
0.011,28,12.84745214,1e-05,synthetic_analytical
0.012,28,13.96201102,1e-05,synthetic_analytical
0.013,28,15.06279107,1e-05,synthetic_analytical
0.014,28,16.14870596,1e-05,synthetic_analytical
0.015,28,17.21868404,1e-05,synthetic_analytical
0.016,28,18.27166935,1e-05,synthetic_analytical
0.017,28,19.30662272,1e-05,synthetic_analytical
0.018,28,20.3225228,1e-05,synthetic_analytical
0.019,28,21.31836699,1e-05,synthetic_analytical
0.02,28,22.29317253,1e-05,synthetic_analytical
0.021,28,23.24597741,1e-05,synthetic_analytical
0.022,28,24.17584131,1e-05,synthetic_analytical
0.023,28,25.08184657,1e-05,synthetic_analytical
0.024,28,25.96309908,1e-05,synthetic_analytical
0.025,28,26.81872914,1e-05,synthetic_analytical
0.026,28,27.64789236,1e-05,synthetic_analytical
0.027,28,28.44977044,1e-05,synthetic_analytical
0.028,28,29.22357203,1e-05,synthetic_analytical
0.029,28,29.96853349,1e-05,synthetic_analytical
0.03,28,30.68391963,1e-05,synthetic_analytical
0.031,28,31.36902444,1e-05,synthetic_analytical
0.032,28,32.02317181,1e-05,synthetic_analytical
0.033,28,32.64571617,1e-05,synthetic_analytical
0.034,28,33.23604316,1e-05,synthetic_analytical
0.035,28,33.79357018,1e-05,synthetic_analytical
0.036,28,34.31774703,1e-05,synthetic_analytical
0.037,28,34.8080564,1e-05,synthetic_analytical
0.038,28,35.26401443,1e-05,synthetic_analytical
0.039,28,35.68517113,1e-05,synthetic_analytical
0.04,28,36.07111088,1e-05,synthetic_analytical
0.041,28,36.42145279,1e-05,synthetic_analytical
0.042,28,36.73585113,1e-05,synthetic_analytical
0.043,28,37.01399562,1e-05,synthetic_analytical
0.044,28,37.25561176,1e-05,synthetic_analytical
0.045,28,37.46046111,1e-05,synthetic_analytical
0.046,28,37.62834151,1e-05,synthetic_analytical
0.047,28,37.75908728,1e-05,synthetic_analytical
0.048,28,37.85256939,1e-05,synthetic_analytical
0.049,28,37.90869559,1e-05,synthetic_analytical
0.05,28,37.92741047,1e-05,synthetic_analytical
0.051,28,37.90869559,1e-05,synthetic_analytical
0.052,28,37.85256939,1e-05,synthetic_analytical
0.053,28,37.75908728,1e-05,synthetic_analytical
0.054,28,37.62834151,1e-05,synthetic_analytical
0.055,28,37.46046111,1e-05,synthetic_analytical
0.056,28,37.25561176,1e-05,synthetic_analytical
0.057,28,37.01399562,1e-05,synthetic_analytical
0.058,28,36.73585113,1e-05,synthetic_analytical
0.059,28,36.42145279,1e-05,synthetic_analytical
0.06,28,36.07111088,1e-05,synthetic_analytical
0.061,28,35.68517113,1e-05,synthetic_analytical
0.062,28,35.26401443,1e-05,synthetic_analytical
0.063,28,34.8080564,1e-05,synthetic_analytical
0.064,28,34.31774703,1e-05,synthetic_analytical
0.065,28,33.79357018,1e-05,synthetic_analytical
0.066,28,33.23604316,1e-05,synthetic_analytical
0.067,28,32.64571617,1e-05,synthetic_analytical
0.068,28,32.02317181,1e-05,synthetic_analytical
0.069,28,31.36902444,1e-05,synthetic_analytical
0.07,28,30.68391963,1e-05,synthetic_analytical
0.071,28,29.96853349,1e-05,synthetic_analytical
0.072,28,29.22357203,1e-05,synthetic_analytical
0.073,28,28.44977044,1e-05,synthetic_analytical
0.074,28,27.64789236,1e-05,synthetic_analytical
0.075,28,26.81872914,1e-05,synthetic_analytical
0.076,28,25.96309908,1e-05,synthetic_analytical
0.077,28,25.08184657,1e-05,synthetic_analytical
0.078,28,24.17584131,1e-05,synthetic_analytical
0.079,28,23.24597741,1e-05,synthetic_analytical
0.08,28,22.29317253,1e-05,synthetic_analytical
0.081,28,21.31836699,1e-05,synthetic_analytical
0.082,28,20.3225228,1e-05,synthetic_analytical
0.083,28,19.30662272,1e-05,synthetic_analytical
0.084,28,18.27166935,1e-05,synthetic_analytical
0.085,28,17.21868404,1e-05,synthetic_analytical
0.086,28,16.14870596,1e-05,synthetic_analytical
0.087,28,15.06279107,1e-05,synthetic_analytical
0.088,28,13.96201102,1e-05,synthetic_analytical
0.089,28,12.84745214,1e-05,synthetic_analytical
0.09,28,11.72021439,1e-05,synthetic_analytical
0.091,28,10.5814102,1e-05,synthetic_analytical
0.092,28,9.432163431,1e-05,synthetic_analytical
0.093,28,8.273608259,1e-05,synthetic_analytical
0.094,28,7.106888034,1e-05,synthetic_analytical
0.095,28,5.933154168,1e-05,synthetic_analytical
0.096,28,4.753564995,1e-05,synthetic_analytical
0.097,28,3.569284628,1e-05,synthetic_analytical
0.098,28,2.381481808,1e-05,synthetic_analytical
0.099,28,1.191328753,1e-05,synthetic_analytical
0.1,28,4.644768184e-15,1e-05,synthetic_analytical
0,32,0,1e-05,synthetic_analytical
0.001,32,1.145213252,1e-05,synthetic_analytical
0.002,32,2.289296316,1e-05,synthetic_analytical
0.003,32,3.431120121,1e-05,synthetic_analytical
0.004,32,4.569557825,1e-05,synthetic_analytical
0.005,32,5.703485928,1e-05,synthetic_analytical
0.006,32,6.831785378,1e-05,synthetic_analytical
0.007,32,7.95334268,1e-05,synthetic_analytical
0.008,32,9.067050994,1e-05,synthetic_analytical
0.009,32,10.17181122,1e-05,synthetic_analytical
0.01,32,11.2665331,1e-05,synthetic_analytical
0.011,32,12.35013627,1e-05,synthetic_analytical
0.012,32,13.42155135,1e-05,synthetic_analytical
0.013,32,14.47972098,1e-05,synthetic_analytical
0.014,32,15.52360087,1e-05,synthetic_analytical
0.015,32,16.55216084,1e-05,synthetic_analytical
0.016,32,17.56438583,1e-05,synthetic_analytical
0.017,32,18.55927689,1e-05,synthetic_analytical
0.018,32,19.53585218,1e-05,synthetic_analytical
0.019,32,20.49314794,1e-05,synthetic_analytical
0.02,32,21.43021945,1e-05,synthetic_analytical
0.021,32,22.34614191,1e-05,synthetic_analytical
0.022,32,23.24001143,1e-05,synthetic_analytical
0.023,32,24.11094586,1e-05,synthetic_analytical
0.024,32,24.9580857,1e-05,synthetic_analytical
0.025,32,25.78059493,1e-05,synthetic_analytical
0.026,32,26.57766182,1e-05,synthetic_analytical
0.027,32,27.34849976,1e-05,synthetic_analytical
0.028,32,28.09234804,1e-05,synthetic_analytical
0.029,32,28.80847256,1e-05,synthetic_analytical
0.03,32,29.4961666,1e-05,synthetic_analytical
0.031,32,30.15475148,1e-05,synthetic_analytical
0.032,32,30.78357726,1e-05,synthetic_analytical
0.033,32,31.38202337,1e-05,synthetic_analytical
0.034,32,31.94949921,1e-05,synthetic_analytical
0.035,32,32.48544476,1e-05,synthetic_analytical
0.036,32,32.98933109,1e-05,synthetic_analytical
0.037,32,33.46066093,1e-05,synthetic_analytical
0.038,32,33.89896914,1e-05,synthetic_analytical
0.039,32,34.30382316,1e-05,synthetic_analytical
0.04,32,34.67482345,1e-05,synthetic_analytical
0.041,32,35.01160388,1e-05,synthetic_analytical
0.042,32,35.31383208,1e-05,synthetic_analytical
0.043,32,35.58120979,1e-05,synthetic_analytical
0.044,32,35.81347314,1e-05,synthetic_analytical
0.045,32,36.01039291,1e-05,synthetic_analytical
0.046,32,36.17177478,1e-05,synthetic_analytical
0.047,32,36.29745947,1e-05,synthetic_analytical
0.048,32,36.38732296,1e-05,synthetic_analytical
0.049,32,36.44127654,1e-05,synthetic_analytical
0.05,32,36.45926699,1e-05,synthetic_analytical
0.051,32,36.44127654,1e-05,synthetic_analytical
0.052,32,36.38732296,1e-05,synthetic_analytical
0.053,32,36.29745947,1e-05,synthetic_analytical
0.054,32,36.17177478,1e-05,synthetic_analytical
0.055,32,36.01039291,1e-05,synthetic_analytical
0.056,32,35.81347314,1e-05,synthetic_analytical
0.057,32,35.58120979,1e-05,synthetic_analytical
0.058,32,35.31383208,1e-05,synthetic_analytical
0.059,32,35.01160388,1e-05,synthetic_analytical
0.06,32,34.67482345,1e-05,synthetic_analytical
0.061,32,34.30382316,1e-05,synthetic_analytical
0.062,32,33.89896914,1e-05,synthetic_analytical
0.063,32,33.46066093,1e-05,synthetic_analytical
0.064,32,32.98933109,1e-05,synthetic_analytical
0.065,32,32.48544476,1e-05,synthetic_analytical
0.066,32,31.94949921,1e-05,synthetic_analytical
0.067,32,31.38202337,1e-05,synthetic_analytical
0.068,32,30.78357726,1e-05,synthetic_analytical
0.069,32,30.15475148,1e-05,synthetic_analytical
0.07,32,29.4961666,1e-05,synthetic_analytical
0.071,32,28.80847256,1e-05,synthetic_analytical
0.072,32,28.09234804,1e-05,synthetic_analytical
0.073,32,27.34849976,1e-05,synthetic_analytical
0.074,32,26.57766182,1e-05,synthetic_analytical
0.075,32,25.78059493,1e-05,synthetic_analytical
0.076,32,24.9580857,1e-05,synthetic_analytical
0.077,32,24.11094586,1e-05,synthetic_analytical
0.078,32,23.24001143,1e-05,synthetic_analytical
0.079,32,22.34614191,1e-05,synthetic_analytical
0.08,32,21.43021945,1e-05,synthetic_analytical
0.081,32,20.49314794,1e-05,synthetic_analytical
0.082,32,19.53585218,1e-05,synthetic_analytical
0.083,32,18.55927689,1e-05,synthetic_analytical
0.084,32,17.56438583,1e-05,synthetic_analytical
0.085,32,16.55216084,1e-05,synthetic_analytical
0.086,32,15.52360087,1e-05,synthetic_analytical
0.087,32,14.47972098,1e-05,synthetic_analytical
0.088,32,13.42155135,1e-05,synthetic_analytical
0.089,32,12.35013627,1e-05,synthetic_analytical
0.09,32,11.2665331,1e-05,synthetic_analytical
0.091,32,10.17181122,1e-05,synthetic_analytical
0.092,32,9.067050994,1e-05,synthetic_analytical
0.093,32,7.95334268,1e-05,synthetic_analytical
0.094,32,6.831785378,1e-05,synthetic_analytical
0.095,32,5.703485928,1e-05,synthetic_analytical
0.096,32,4.569557825,1e-05,synthetic_analytical
0.097,32,3.431120121,1e-05,synthetic_analytical
0.098,32,2.289296316,1e-05,synthetic_analytical
0.099,32,1.145213252,1e-05,synthetic_analytical
0.1,32,4.464972462e-15,1e-05,synthetic_analytical
0,36,0,1e-05,synthetic_analytical
0.001,36,1.100882849,1e-05,synthetic_analytical
0.002,36,2.20067926,1e-05,synthetic_analytical
0.003,36,3.298303866,1e-05,synthetic_analytical
0.004,36,4.392673444,1e-05,synthetic_analytical
0.005,36,5.482707984,1e-05,synthetic_analytical
0.006,36,6.567331753,1e-05,synthetic_analytical
0.007,36,7.645474358,1e-05,synthetic_analytical
0.008,36,8.716071804,1e-05,synthetic_analytical
0.009,36,9.778067539,1e-05,synthetic_analytical
0.01,36,10.8304135,1e-05,synthetic_analytical
0.011,36,11.87207115,1e-05,synthetic_analytical
0.012,36,12.9020125,1e-05,synthetic_analytical
0.013,36,13.91922113,1e-05,synthetic_analytical
0.014,36,14.92269316,1e-05,synthetic_analytical
0.015,36,15.91143829,1e-05,synthetic_analytical
0.016,36,16.88448076,1e-05,synthetic_analytical
0.017,36,17.84086028,1e-05,synthetic_analytical
0.018,36,18.77963303,1e-05,synthetic_analytical
0.019,36,19.69987255,1e-05,synthetic_analytical
0.02,36,20.60067067,1e-05,synthetic_analytical
0.021,36,21.48113842,1e-05,synthetic_analytical
0.022,36,22.34040687,1e-05,synthetic_analytical
0.023,36,23.17762804,1e-05,synthetic_analytical
0.024,36,23.99197569,1e-05,synthetic_analytical
0.025,36,24.78264616,1e-05,synthetic_analytical
0.026,36,25.54885915,1e-05,synthetic_analytical
0.027,36,26.2898585,1e-05,synthetic_analytical
0.028,36,27.00491293,1e-05,synthetic_analytical
0.029,36,27.69331677,1e-05,synthetic_analytical
0.03,36,28.35439066,1e-05,synthetic_analytical
0.031,36,28.98748218,1e-05,synthetic_analytical
0.032,36,29.59196656,1e-05,synthetic_analytical
0.033,36,30.16724724,1e-05,synthetic_analytical
0.034,36,30.71275649,1e-05,synthetic_analytical
0.035,36,31.22795595,1e-05,synthetic_analytical
0.036,36,31.7123372,1e-05,synthetic_analytical
0.037,36,32.16542219,1e-05,synthetic_analytical
0.038,36,32.5867638,1e-05,synthetic_analytical
0.039,36,32.97594621,1e-05,synthetic_analytical
0.04,36,33.33258533,1e-05,synthetic_analytical
0.041,36,33.65632922,1e-05,synthetic_analytical
0.042,36,33.94685838,1e-05,synthetic_analytical
0.043,36,34.20388609,1e-05,synthetic_analytical
0.044,36,34.42715869,1e-05,synthetic_analytical
0.045,36,34.61645584,1e-05,synthetic_analytical
0.046,36,34.77159073,1e-05,synthetic_analytical
0.047,36,34.89241025,1e-05,synthetic_analytical
0.048,36,34.97879518,1e-05,synthetic_analytical
0.049,36,35.03066026,1e-05,synthetic_analytical
0.05,36,35.04795431,1e-05,synthetic_analytical
0.051,36,35.03066026,1e-05,synthetic_analytical
0.052,36,34.97879518,1e-05,synthetic_analytical
0.053,36,34.89241025,1e-05,synthetic_analytical
0.054,36,34.77159073,1e-05,synthetic_analytical
0.055,36,34.61645584,1e-05,synthetic_analytical
0.056,36,34.42715869,1e-05,synthetic_analytical
0.057,36,34.20388609,1e-05,synthetic_analytical
0.058,36,33.94685838,1e-05,synthetic_analytical
0.059,36,33.65632922,1e-05,synthetic_analytical
0.06,36,33.33258533,1e-05,synthetic_analytical
0.061,36,32.97594621,1e-05,synthetic_analytical
0.062,36,32.5867638,1e-05,synthetic_analytical
0.063,36,32.16542219,1e-05,synthetic_analytical
0.064,36,31.7123372,1e-05,synthetic_analytical
0.065,36,31.22795595,1e-05,synthetic_analytical
0.066,36,30.71275649,1e-05,synthetic_analytical
0.067,36,30.16724724,1e-05,synthetic_analytical
0.068,36,29.59196656,1e-05,synthetic_analytical
0.069,36,28.98748218,1e-05,synthetic_analytical
0.07,36,28.35439066,1e-05,synthetic_analytical
0.071,36,27.69331677,1e-05,synthetic_analytical
0.072,36,27.00491293,1e-05,synthetic_analytical
0.073,36,26.2898585,1e-05,synthetic_analytical
0.074,36,25.54885915,1e-05,synthetic_analytical
0.075,36,24.78264616,1e-05,synthetic_analytical
0.076,36,23.99197569,1e-05,synthetic_analytical
0.077,36,23.17762804,1e-05,synthetic_analytical
0.078,36,22.34040687,1e-05,synthetic_analytical
0.079,36,21.48113842,1e-05,synthetic_analytical
0.08,36,20.60067067,1e-05,synthetic_analytical
0.081,36,19.69987255,1e-05,synthetic_analytical
0.082,36,18.77963303,1e-05,synthetic_analytical
0.083,36,17.84086028,1e-05,synthetic_analytical
0.084,36,16.88448076,1e-05,synthetic_analytical
0.085,36,15.91143829,1e-05,synthetic_analytical
0.086,36,14.92269316,1e-05,synthetic_analytical
0.087,36,13.91922113,1e-05,synthetic_analytical
0.088,36,12.9020125,1e-05,synthetic_analytical
0.089,36,11.87207115,1e-05,synthetic_analytical
0.09,36,10.8304135,1e-05,synthetic_analytical
0.091,36,9.778067539,1e-05,synthetic_analytical
0.092,36,8.716071804,1e-05,synthetic_analytical
0.093,36,7.645474358,1e-05,synthetic_analytical
0.094,36,6.567331753,1e-05,synthetic_analytical
0.095,36,5.482707984,1e-05,synthetic_analytical
0.096,36,4.392673444,1e-05,synthetic_analytical
0.097,36,3.298303866,1e-05,synthetic_analytical
0.098,36,2.20067926,1e-05,synthetic_analytical
0.099,36,1.100882849,1e-05,synthetic_analytical
0.1,36,4.292136507e-15,1e-05,synthetic_analytical
0,40,0,1e-05,synthetic_analytical
0.001,40,1.058268445,1e-05,synthetic_analytical
0.002,40,2.115492508,1e-05,synthetic_analytical
0.003,40,3.170628834,1e-05,synthetic_analytical
0.004,40,4.222636133,1e-05,synthetic_analytical
0.005,40,5.2704762,1e-05,synthetic_analytical
0.006,40,6.313114943,1e-05,synthetic_analytical
0.007,40,7.349523403,1e-05,synthetic_analytical
0.008,40,8.378678772,1e-05,synthetic_analytical
0.009,40,9.399565396,1e-05,synthetic_analytical
0.01,40,10.41117578,1e-05,synthetic_analytical
0.011,40,11.4125116,1e-05,synthetic_analytical
0.012,40,12.40258464,1e-05,synthetic_analytical
0.013,40,13.38041783,1e-05,synthetic_analytical
0.014,40,14.34504616,1e-05,synthetic_analytical
0.015,40,15.29551767,1e-05,synthetic_analytical
0.016,40,16.23089434,1e-05,synthetic_analytical
0.017,40,17.15025308,1e-05,synthetic_analytical
0.018,40,18.0526866,1e-05,synthetic_analytical
0.019,40,18.93730429,1e-05,synthetic_analytical
0.02,40,19.80323314,1e-05,synthetic_analytical
0.021,40,20.6496186,1e-05,synthetic_analytical
0.022,40,21.47562538,1e-05,synthetic_analytical
0.023,40,22.2804383,1e-05,synthetic_analytical
0.024,40,23.06326313,1e-05,synthetic_analytical
0.025,40,23.8233273,1e-05,synthetic_analytical
0.026,40,24.55988072,1e-05,synthetic_analytical
0.027,40,25.2721965,1e-05,synthetic_analytical
0.028,40,25.95957167,1e-05,synthetic_analytical
0.029,40,26.62132789,1e-05,synthetic_analytical
0.03,40,27.25681206,1e-05,synthetic_analytical
0.031,40,27.86539706,1e-05,synthetic_analytical
0.032,40,28.44648227,1e-05,synthetic_analytical
0.033,40,28.99949424,1e-05,synthetic_analytical
0.034,40,29.5238872,1e-05,synthetic_analytical
0.035,40,30.01914366,1e-05,synthetic_analytical
0.036,40,30.48477485,1e-05,synthetic_analytical
0.037,40,30.92032124,1e-05,synthetic_analytical
0.038,40,31.32535301,1e-05,synthetic_analytical
0.039,40,31.69947043,1e-05,synthetic_analytical
0.04,40,32.04230431,1e-05,synthetic_analytical
0.041,40,32.3535163,1e-05,synthetic_analytical
0.042,40,32.63279928,1e-05,synthetic_analytical
0.043,40,32.87987762,1e-05,synthetic_analytical
0.044,40,33.0945075,1e-05,synthetic_analytical
0.045,40,33.27647709,1e-05,synthetic_analytical
0.046,40,33.42560681,1e-05,synthetic_analytical
0.047,40,33.5417495,1e-05,synthetic_analytical
0.048,40,33.62479053,1e-05,synthetic_analytical
0.049,40,33.67464795,1e-05,synthetic_analytical
0.05,40,33.69127256,1e-05,synthetic_analytical
0.051,40,33.67464795,1e-05,synthetic_analytical
0.052,40,33.62479053,1e-05,synthetic_analytical
0.053,40,33.5417495,1e-05,synthetic_analytical
0.054,40,33.42560681,1e-05,synthetic_analytical
0.055,40,33.27647709,1e-05,synthetic_analytical
0.056,40,33.0945075,1e-05,synthetic_analytical
0.057,40,32.87987762,1e-05,synthetic_analytical
0.058,40,32.63279928,1e-05,synthetic_analytical
0.059,40,32.3535163,1e-05,synthetic_analytical
0.06,40,32.04230431,1e-05,synthetic_analytical
0.061,40,31.69947043,1e-05,synthetic_analytical
0.062,40,31.32535301,1e-05,synthetic_analytical
0.063,40,30.92032124,1e-05,synthetic_analytical
0.064,40,30.48477485,1e-05,synthetic_analytical
0.065,40,30.01914366,1e-05,synthetic_analytical
0.066,40,29.5238872,1e-05,synthetic_analytical
0.067,40,28.99949424,1e-05,synthetic_analytical
0.068,40,28.44648227,1e-05,synthetic_analytical
0.069,40,27.86539706,1e-05,synthetic_analytical
0.07,40,27.25681206,1e-05,synthetic_analytical
0.071,40,26.62132789,1e-05,synthetic_analytical
0.072,40,25.95957167,1e-05,synthetic_analytical
0.073,40,25.2721965,1e-05,synthetic_analytical
0.074,40,24.55988072,1e-05,synthetic_analytical
0.075,40,23.8233273,1e-05,synthetic_analytical
0.076,40,23.06326313,1e-05,synthetic_analytical
0.077,40,22.2804383,1e-05,synthetic_analytical
0.078,40,21.47562538,1e-05,synthetic_analytical
0.079,40,20.6496186,1e-05,synthetic_analytical
0.08,40,19.80323314,1e-05,synthetic_analytical
0.081,40,18.93730429,1e-05,synthetic_analytical
0.082,40,18.0526866,1e-05,synthetic_analytical
0.083,40,17.15025308,1e-05,synthetic_analytical
0.084,40,16.23089434,1e-05,synthetic_analytical
0.085,40,15.29551767,1e-05,synthetic_analytical
0.086,40,14.34504616,1e-05,synthetic_analytical
0.087,40,13.38041783,1e-05,synthetic_analytical
0.088,40,12.40258464,1e-05,synthetic_analytical
0.089,40,11.4125116,1e-05,synthetic_analytical
0.09,40,10.41117578,1e-05,synthetic_analytical
0.091,40,9.399565396,1e-05,synthetic_analytical
0.092,40,8.378678772,1e-05,synthetic_analytical
0.093,40,7.349523403,1e-05,synthetic_analytical
0.094,40,6.313114943,1e-05,synthetic_analytical
0.095,40,5.2704762,1e-05,synthetic_analytical
0.096,40,4.222636133,1e-05,synthetic_analytical
0.097,40,3.170628834,1e-05,synthetic_analytical
0.098,40,2.115492508,1e-05,synthetic_analytical
0.099,40,1.058268445,1e-05,synthetic_analytical
0.1,40,4.12599091e-15,1e-05,synthetic_analytical
0,44,0,1e-05,synthetic_analytical
0.001,44,1.017303615,1e-05,synthetic_analytical
0.002,44,2.033603275,1e-05,synthetic_analytical
0.003,44,3.047896014,1e-05,synthetic_analytical
0.004,44,4.059180847,1e-05,synthetic_analytical
0.005,44,5.066459759,1e-05,synthetic_analytical
0.006,44,6.068738687,1e-05,synthetic_analytical
0.007,44,7.065028502,1e-05,synthetic_analytical
0.008,44,8.054345988,1e-05,synthetic_analytical
0.009,44,9.035714806,1e-05,synthetic_analytical
0.01,44,10.00816646,1e-05,synthetic_analytical
0.011,44,10.97074127,1e-05,synthetic_analytical
0.012,44,11.92248928,1e-05,synthetic_analytical
0.013,44,12.86247123,1e-05,synthetic_analytical
0.014,44,13.78975948,1e-05,synthetic_analytical
0.015,44,14.7034389,1e-05,synthetic_analytical
0.016,44,15.6026078,1e-05,synthetic_analytical
0.017,44,16.4863788,1e-05,synthetic_analytical
0.018,44,17.35387975,1e-05,synthetic_analytical
0.019,44,18.20425451,1e-05,synthetic_analytical
0.02,44,19.03666386,1e-05,synthetic_analytical
0.021,44,19.85028633,1e-05,synthetic_analytical
0.022,44,20.64431897,1e-05,synthetic_analytical
0.023,44,21.41797815,1e-05,synthetic_analytical
0.024,44,22.17050037,1e-05,synthetic_analytical
0.025,44,22.90114299,1e-05,synthetic_analytical
0.026,44,23.60918494,1e-05,synthetic_analytical
0.027,44,24.29392748,1e-05,synthetic_analytical
0.028,44,24.95469485,1e-05,synthetic_analytical
0.029,44,25.59083494,1e-05,synthetic_analytical
0.03,44,26.20171997,1e-05,synthetic_analytical
0.031,44,26.78674706,1e-05,synthetic_analytical
0.032,44,27.34533887,1e-05,synthetic_analytical
0.033,44,27.87694414,1e-05,synthetic_analytical
0.034,44,28.38103822,1e-05,synthetic_analytical
0.035,44,28.85712364,1e-05,synthetic_analytical
0.036,44,29.30473057,1e-05,synthetic_analytical
0.037,44,29.72341727,1e-05,synthetic_analytical
0.038,44,30.11277054,1e-05,synthetic_analytical
0.039,44,30.47240615,1e-05,synthetic_analytical
0.04,44,30.80196916,1e-05,synthetic_analytical
0.041,44,31.10113436,1e-05,synthetic_analytical
0.042,44,31.36960649,1e-05,synthetic_analytical
0.043,44,31.6071206,1e-05,synthetic_analytical
0.044,44,31.8134423,1e-05,synthetic_analytical
0.045,44,31.98836798,1e-05,synthetic_analytical
0.046,44,32.131725,1e-05,synthetic_analytical
0.047,44,32.24337188,1e-05,synthetic_analytical
0.048,44,32.32319845,1e-05,synthetic_analytical
0.049,44,32.37112593,1e-05,synthetic_analytical
0.05,44,32.38710701,1e-05,synthetic_analytical
0.051,44,32.37112593,1e-05,synthetic_analytical
0.052,44,32.32319845,1e-05,synthetic_analytical
0.053,44,32.24337188,1e-05,synthetic_analytical
0.054,44,32.131725,1e-05,synthetic_analytical
0.055,44,31.98836798,1e-05,synthetic_analytical
0.056,44,31.8134423,1e-05,synthetic_analytical
0.057,44,31.6071206,1e-05,synthetic_analytical
0.058,44,31.36960649,1e-05,synthetic_analytical
0.059,44,31.10113436,1e-05,synthetic_analytical
0.06,44,30.80196916,1e-05,synthetic_analytical
0.061,44,30.47240615,1e-05,synthetic_analytical
0.062,44,30.11277054,1e-05,synthetic_analytical
0.063,44,29.72341727,1e-05,synthetic_analytical
0.064,44,29.30473057,1e-05,synthetic_analytical
0.065,44,28.85712364,1e-05,synthetic_analytical
0.066,44,28.38103822,1e-05,synthetic_analytical
0.067,44,27.87694414,1e-05,synthetic_analytical
0.068,44,27.34533887,1e-05,synthetic_analytical
0.069,44,26.78674706,1e-05,synthetic_analytical
0.07,44,26.20171997,1e-05,synthetic_analytical
0.071,44,25.59083494,1e-05,synthetic_analytical
0.072,44,24.95469485,1e-05,synthetic_analytical
0.073,44,24.29392748,1e-05,synthetic_analytical
0.074,44,23.60918494,1e-05,synthetic_analytical
0.075,44,22.90114299,1e-05,synthetic_analytical
0.076,44,22.17050037,1e-05,synthetic_analytical
0.077,44,21.41797815,1e-05,synthetic_analytical
0.078,44,20.64431897,1e-05,synthetic_analytical
0.079,44,19.85028633,1e-05,synthetic_analytical
0.08,44,19.03666386,1e-05,synthetic_analytical
0.081,44,18.20425451,1e-05,synthetic_analytical
0.082,44,17.35387975,1e-05,synthetic_analytical
0.083,44,16.4863788,1e-05,synthetic_analytical
0.084,44,15.6026078,1e-05,synthetic_analytical
0.085,44,14.7034389,1e-05,synthetic_analytical
0.086,44,13.78975948,1e-05,synthetic_analytical
0.087,44,12.86247123,1e-05,synthetic_analytical
0.088,44,11.92248928,1e-05,synthetic_analytical
0.089,44,10.97074127,1e-05,synthetic_analytical
0.09,44,10.00816646,1e-05,synthetic_analytical
0.091,44,9.035714806,1e-05,synthetic_analytical
0.092,44,8.054345988,1e-05,synthetic_analytical
0.093,44,7.065028502,1e-05,synthetic_analytical
0.094,44,6.068738687,1e-05,synthetic_analytical
0.095,44,5.066459759,1e-05,synthetic_analytical
0.096,44,4.059180847,1e-05,synthetic_analytical
0.097,44,3.047896014,1e-05,synthetic_analytical
0.098,44,2.033603275,1e-05,synthetic_analytical
0.099,44,1.017303615,1e-05,synthetic_analytical
0.1,44,3.966276693e-15,1e-05,synthetic_analytical
0,48,0,1e-05,synthetic_analytical
0.001,48,0.9779245054,1e-05,synthetic_analytical
0.002,48,1.954883917,1e-05,synthetic_analytical
0.003,48,2.929914095,1e-05,synthetic_analytical
0.004,48,3.902052801,1e-05,synthetic_analytical
0.005,48,4.870340652,1e-05,synthetic_analytical
0.006,48,5.833822065,1e-05,synthetic_analytical
0.007,48,6.7915462,1e-05,synthetic_analytical
0.008,48,7.742567898,1e-05,synthetic_analytical
0.009,48,8.685948617,1e-05,synthetic_analytical
0.01,48,9.620757354,1e-05,synthetic_analytical
0.011,48,10.54607156,1e-05,synthetic_analytical
0.012,48,11.46097807,1e-05,synthetic_analytical
0.013,48,12.36457398,1e-05,synthetic_analytical
0.014,48,13.25596755,1e-05,synthetic_analytical
0.015,48,14.13427908,1e-05,synthetic_analytical
0.016,48,14.99864178,1e-05,synthetic_analytical
0.017,48,15.84820263,1e-05,synthetic_analytical
0.018,48,16.68212322,1e-05,synthetic_analytical
0.019,48,17.49958057,1e-05,synthetic_analytical
0.02,48,18.29976795,1e-05,synthetic_analytical
0.021,48,19.08189566,1e-05,synthetic_analytical
0.022,48,19.84519184,1e-05,synthetic_analytical
0.023,48,20.58890322,1e-05,synthetic_analytical
0.024,48,21.31229584,1e-05,synthetic_analytical
0.025,48,22.01465579,1e-05,synthetic_analytical
0.026,48,22.69528994,1e-05,synthetic_analytical
0.027,48,23.35352657,1e-05,synthetic_analytical
0.028,48,23.98871609,1e-05,synthetic_analytical
0.029,48,24.60023165,1e-05,synthetic_analytical
0.03,48,25.18746975,1e-05,synthetic_analytical
0.031,48,25.74985086,1e-05,synthetic_analytical
0.032,48,26.28681997,1e-05,synthetic_analytical
0.033,48,26.79784716,1e-05,synthetic_analytical
0.034,48,27.28242812,1e-05,synthetic_analytical
0.035,48,27.74008461,1e-05,synthetic_analytical
0.036,48,28.17036499,1e-05,synthetic_analytical
0.037,48,28.57284462,1e-05,synthetic_analytical
0.038,48,28.9471263,1e-05,synthetic_analytical
0.039,48,29.29284066,1e-05,synthetic_analytical
0.04,48,29.60964652,1e-05,synthetic_analytical
0.041,48,29.89723124,1e-05,synthetic_analytical
0.042,48,30.155311,1e-05,synthetic_analytical
0.043,48,30.38363111,1e-05,synthetic_analytical
0.044,48,30.58196624,1e-05,synthetic_analytical
0.045,48,30.75012067,1e-05,synthetic_analytical
0.046,48,30.88792844,1e-05,synthetic_analytical
0.047,48,30.99525355,1e-05,synthetic_analytical
0.048,48,31.07199009,1e-05,synthetic_analytical
0.049,48,31.11806233,1e-05,synthetic_analytical
0.05,48,31.13342479,1e-05,synthetic_analytical
0.051,48,31.11806233,1e-05,synthetic_analytical
0.052,48,31.07199009,1e-05,synthetic_analytical
0.053,48,30.99525355,1e-05,synthetic_analytical
0.054,48,30.88792844,1e-05,synthetic_analytical
0.055,48,30.75012067,1e-05,synthetic_analytical
0.056,48,30.58196624,1e-05,synthetic_analytical
0.057,48,30.38363111,1e-05,synthetic_analytical
0.058,48,30.155311,1e-05,synthetic_analytical
0.059,48,29.89723124,1e-05,synthetic_analytical
0.06,48,29.60964652,1e-05,synthetic_analytical
0.061,48,29.29284066,1e-05,synthetic_analytical
0.062,48,28.9471263,1e-05,synthetic_analytical
0.063,48,28.57284462,1e-05,synthetic_analytical
0.064,48,28.17036499,1e-05,synthetic_analytical
0.065,48,27.74008461,1e-05,synthetic_analytical
0.066,48,27.28242812,1e-05,synthetic_analytical
0.067,48,26.79784716,1e-05,synthetic_analytical
0.068,48,26.28681997,1e-05,synthetic_analytical
0.069,48,25.74985086,1e-05,synthetic_analytical
0.07,48,25.18746975,1e-05,synthetic_analytical
0.071,48,24.60023165,1e-05,synthetic_analytical
0.072,48,23.98871609,1e-05,synthetic_analytical
0.073,48,23.35352657,1e-05,synthetic_analytical
0.074,48,22.69528994,1e-05,synthetic_analytical
0.075,48,22.01465579,1e-05,synthetic_analytical
0.076,48,21.31229584,1e-05,synthetic_analytical
0.077,48,20.58890322,1e-05,synthetic_analytical
0.078,48,19.84519184,1e-05,synthetic_analytical
0.079,48,19.08189566,1e-05,synthetic_analytical
0.08,48,18.29976795,1e-05,synthetic_analytical
0.081,48,17.49958057,1e-05,synthetic_analytical
0.082,48,16.68212322,1e-05,synthetic_analytical
0.083,48,15.84820263,1e-05,synthetic_analytical
0.084,48,14.99864178,1e-05,synthetic_analytical
0.085,48,14.13427908,1e-05,synthetic_analytical
0.086,48,13.25596755,1e-05,synthetic_analytical
0.087,48,12.36457398,1e-05,synthetic_analytical
0.088,48,11.46097807,1e-05,synthetic_analytical
0.089,48,10.54607156,1e-05,synthetic_analytical
0.09,48,9.620757354,1e-05,synthetic_analytical
0.091,48,8.685948617,1e-05,synthetic_analytical
0.092,48,7.742567898,1e-05,synthetic_analytical
0.093,48,6.7915462,1e-05,synthetic_analytical
0.094,48,5.833822065,1e-05,synthetic_analytical
0.095,48,4.870340652,1e-05,synthetic_analytical
0.096,48,3.902052801,1e-05,synthetic_analytical
0.097,48,2.929914095,1e-05,synthetic_analytical
0.098,48,1.954883917,1e-05,synthetic_analytical
0.099,48,0.9779245054,1e-05,synthetic_analytical
0.1,48,3.812744902e-15,1e-05,synthetic_analytical
0,52,0,1e-05,synthetic_analytical
0.001,52,0.940069733,1e-05,synthetic_analytical
0.002,52,1.879211731,1e-05,synthetic_analytical
0.003,52,2.816499173,1e-05,synthetic_analytical
0.004,52,3.751007071,1e-05,synthetic_analytical
0.005,52,4.681813178,1e-05,synthetic_analytical
0.006,52,5.607998901,1e-05,synthetic_analytical
0.007,52,6.528650205,1e-05,synthetic_analytical
0.008,52,7.44285852,1e-05,synthetic_analytical
0.009,52,8.349721633,1e-05,synthetic_analytical
0.01,52,9.248344578,1e-05,synthetic_analytical
0.011,52,10.13784052,1e-05,synthetic_analytical
0.012,52,11.01733164,1e-05,synthetic_analytical
0.013,52,11.88594999,1e-05,synthetic_analytical
0.014,52,12.74283834,1e-05,synthetic_analytical
0.015,52,13.58715104,1e-05,synthetic_analytical
0.016,52,14.41805487,1e-05,synthetic_analytical
0.017,52,15.23472981,1e-05,synthetic_analytical
0.018,52,16.03636992,1e-05,synthetic_analytical
0.019,52,16.82218407,1e-05,synthetic_analytical
0.02,52,17.59139675,1e-05,synthetic_analytical
0.021,52,18.34324885,1e-05,synthetic_analytical
0.022,52,19.07699837,1e-05,synthetic_analytical
0.023,52,19.79192121,1e-05,synthetic_analytical
0.024,52,20.4873118,1e-05,synthetic_analytical
0.025,52,21.16248389,1e-05,synthetic_analytical
0.026,52,21.81677117,1e-05,synthetic_analytical
0.027,52,22.44952792,1e-05,synthetic_analytical
0.028,52,23.0601297,1e-05,synthetic_analytical
0.029,52,23.64797392,1e-05,synthetic_analytical
0.03,52,24.21248044,1e-05,synthetic_analytical
0.031,52,24.75309217,1e-05,synthetic_analytical
0.032,52,25.26927559,1e-05,synthetic_analytical
0.033,52,25.76052128,1e-05,synthetic_analytical
0.034,52,26.22634444,1e-05,synthetic_analytical
0.035,52,26.66628537,1e-05,synthetic_analytical
0.036,52,27.0799099,1e-05,synthetic_analytical
0.037,52,27.46680982,1e-05,synthetic_analytical
0.038,52,27.82660332,1e-05,synthetic_analytical
0.039,52,28.15893532,1e-05,synthetic_analytical
0.04,52,28.46347785,1e-05,synthetic_analytical
0.041,52,28.73993037,1e-05,synthetic_analytical
0.042,52,28.98802004,1e-05,synthetic_analytical
0.043,52,29.20750204,1e-05,synthetic_analytical
0.044,52,29.39815976,1e-05,synthetic_analytical
0.045,52,29.55980505,1e-05,synthetic_analytical
0.046,52,29.69227837,1e-05,synthetic_analytical
0.047,52,29.795449,1e-05,synthetic_analytical
0.048,52,29.86921513,1e-05,synthetic_analytical
0.049,52,29.91350394,1e-05,synthetic_analytical
0.05,52,29.92827173,1e-05,synthetic_analytical
0.051,52,29.91350394,1e-05,synthetic_analytical
0.052,52,29.86921513,1e-05,synthetic_analytical
0.053,52,29.795449,1e-05,synthetic_analytical
0.054,52,29.69227837,1e-05,synthetic_analytical
0.055,52,29.55980505,1e-05,synthetic_analytical
0.056,52,29.39815976,1e-05,synthetic_analytical
0.057,52,29.20750204,1e-05,synthetic_analytical
0.058,52,28.98802004,1e-05,synthetic_analytical
0.059,52,28.73993037,1e-05,synthetic_analytical
0.06,52,28.46347785,1e-05,synthetic_analytical
0.061,52,28.15893532,1e-05,synthetic_analytical
0.062,52,27.82660332,1e-05,synthetic_analytical
0.063,52,27.46680982,1e-05,synthetic_analytical
0.064,52,27.0799099,1e-05,synthetic_analytical
0.065,52,26.66628537,1e-05,synthetic_analytical
0.066,52,26.22634444,1e-05,synthetic_analytical
0.067,52,25.76052128,1e-05,synthetic_analytical
0.068,52,25.26927559,1e-05,synthetic_analytical
0.069,52,24.75309217,1e-05,synthetic_analytical
0.07,52,24.21248044,1e-05,synthetic_analytical
0.071,52,23.64797392,1e-05,synthetic_analytical
0.072,52,23.0601297,1e-05,synthetic_analytical
0.073,52,22.44952792,1e-05,synthetic_analytical
0.074,52,21.81677117,1e-05,synthetic_analytical
0.075,52,21.16248389,1e-05,synthetic_analytical
0.076,52,20.4873118,1e-05,synthetic_analytical
0.077,52,19.79192121,1e-05,synthetic_analytical
0.078,52,19.07699837,1e-05,synthetic_analytical
0.079,52,18.34324885,1e-05,synthetic_analytical
0.08,52,17.59139675,1e-05,synthetic_analytical
0.081,52,16.82218407,1e-05,synthetic_analytical
0.082,52,16.03636992,1e-05,synthetic_analytical
0.083,52,15.23472981,1e-05,synthetic_analytical
0.084,52,14.41805487,1e-05,synthetic_analytical
0.085,52,13.58715104,1e-05,synthetic_analytical
0.086,52,12.74283834,1e-05,synthetic_analytical
0.087,52,11.88594999,1e-05,synthetic_analytical
0.088,52,11.01733164,1e-05,synthetic_analytical
0.089,52,10.13784052,1e-05,synthetic_analytical
0.09,52,9.248344578,1e-05,synthetic_analytical
0.091,52,8.349721633,1e-05,synthetic_analytical
0.092,52,7.44285852,1e-05,synthetic_analytical
0.093,52,6.528650205,1e-05,synthetic_analytical
0.094,52,5.607998901,1e-05,synthetic_analytical
0.095,52,4.681813178,1e-05,synthetic_analytical
0.096,52,3.751007071,1e-05,synthetic_analytical
0.097,52,2.816499173,1e-05,synthetic_analytical
0.098,52,1.879211731,1e-05,synthetic_analytical
0.099,52,0.940069733,1e-05,synthetic_analytical
0.1,52,3.665156218e-15,1e-05,synthetic_analytical
0,56,0,1e-05,synthetic_analytical
0.001,56,0.9036802924,1e-05,synthetic_analytical
0.002,56,1.806468761,1e-05,synthetic_analytical
0.003,56,2.707474464,1e-05,synthetic_analytical
0.004,56,3.605808216,1e-05,synthetic_analytical
0.005,56,4.500583471,1e-05,synthetic_analytical
0.006,56,5.390917193,1e-05,synthetic_analytical
0.007,56,6.275930731,1e-05,synthetic_analytical
0.008,56,7.154750682,1e-05,synthetic_analytical
0.009,56,8.026509759,1e-05,synthetic_analytical
0.01,56,8.89034764,1e-05,synthetic_analytical
0.011,56,9.745411821,1e-05,synthetic_analytical
0.012,56,10.59085846,1e-05,synthetic_analytical
0.013,56,11.42585319,1e-05,synthetic_analytical
0.014,56,12.24957199,1e-05,synthetic_analytical
0.015,56,13.06120194,1e-05,synthetic_analytical
0.016,56,13.85994207,1e-05,synthetic_analytical
0.017,56,14.6450041,1e-05,synthetic_analytical
0.018,56,15.41561328,1e-05,synthetic_analytical
0.019,56,16.17100911,1e-05,synthetic_analytical
0.02,56,16.91044611,1e-05,synthetic_analytical
0.021,56,17.63319454,1e-05,synthetic_analytical
0.022,56,18.33854114,1e-05,synthetic_analytical
0.023,56,19.0257898,1e-05,synthetic_analytical
0.024,56,19.69426232,1e-05,synthetic_analytical
0.025,56,20.34329897,1e-05,synthetic_analytical
0.026,56,20.97225924,1e-05,synthetic_analytical
0.027,56,21.58052243,1e-05,synthetic_analytical
0.028,56,22.16748824,1e-05,synthetic_analytical
0.029,56,22.73257742,1e-05,synthetic_analytical
0.03,56,23.27523229,1e-05,synthetic_analytical
0.031,56,23.79491732,1e-05,synthetic_analytical
0.032,56,24.29111964,1e-05,synthetic_analytical
0.033,56,24.76334955,1e-05,synthetic_analytical
0.034,56,25.21114103,1e-05,synthetic_analytical
0.035,56,25.63405215,1e-05,synthetic_analytical
0.036,56,26.03166556,1e-05,synthetic_analytical
0.037,56,26.40358886,1e-05,synthetic_analytical
0.038,56,26.74945501,1e-05,synthetic_analytical
0.039,56,27.06892267,1e-05,synthetic_analytical
0.04,56,27.36167657,1e-05,synthetic_analytical
0.041,56,27.6274278,1e-05,synthetic_analytical
0.042,56,27.8659141,1e-05,synthetic_analytical
0.043,56,28.0769001,1e-05,synthetic_analytical
0.044,56,28.2601776,1e-05,synthetic_analytical
0.045,56,28.41556571,1e-05,synthetic_analytical
0.046,56,28.54291108,1e-05,synthetic_analytical
0.047,56,28.64208805,1e-05,synthetic_analytical
0.048,56,28.71299874,1e-05,synthetic_analytical
0.049,56,28.75557316,1e-05,synthetic_analytical
0.05,56,28.76976931,1e-05,synthetic_analytical
0.051,56,28.75557316,1e-05,synthetic_analytical
0.052,56,28.71299874,1e-05,synthetic_analytical
0.053,56,28.64208805,1e-05,synthetic_analytical
0.054,56,28.54291108,1e-05,synthetic_analytical
0.055,56,28.41556571,1e-05,synthetic_analytical
0.056,56,28.2601776,1e-05,synthetic_analytical
0.057,56,28.0769001,1e-05,synthetic_analytical
0.058,56,27.8659141,1e-05,synthetic_analytical
0.059,56,27.6274278,1e-05,synthetic_analytical
0.06,56,27.36167657,1e-05,synthetic_analytical
0.061,56,27.06892267,1e-05,synthetic_analytical
0.062,56,26.74945501,1e-05,synthetic_analytical
0.063,56,26.40358886,1e-05,synthetic_analytical
0.064,56,26.03166556,1e-05,synthetic_analytical
0.065,56,25.63405215,1e-05,synthetic_analytical
0.066,56,25.21114103,1e-05,synthetic_analytical
0.067,56,24.76334955,1e-05,synthetic_analytical
0.068,56,24.29111964,1e-05,synthetic_analytical
0.069,56,23.79491732,1e-05,synthetic_analytical
0.07,56,23.27523229,1e-05,synthetic_analytical
0.071,56,22.73257742,1e-05,synthetic_analytical
0.072,56,22.16748824,1e-05,synthetic_analytical
0.073,56,21.58052243,1e-05,synthetic_analytical
0.074,56,20.97225924,1e-05,synthetic_analytical
0.075,56,20.34329897,1e-05,synthetic_analytical
0.076,56,19.69426232,1e-05,synthetic_analytical
0.077,56,19.0257898,1e-05,synthetic_analytical
0.078,56,18.33854114,1e-05,synthetic_analytical
0.079,56,17.63319454,1e-05,synthetic_analytical
0.08,56,16.91044611,1e-05,synthetic_analytical
0.081,56,16.17100911,1e-05,synthetic_analytical
0.082,56,15.41561328,1e-05,synthetic_analytical
0.083,56,14.6450041,1e-05,synthetic_analytical
0.084,56,13.85994207,1e-05,synthetic_analytical
0.085,56,13.06120194,1e-05,synthetic_analytical
0.086,56,12.24957199,1e-05,synthetic_analytical
0.087,56,11.42585319,1e-05,synthetic_analytical
0.088,56,10.59085846,1e-05,synthetic_analytical
0.089,56,9.745411821,1e-05,synthetic_analytical
0.09,56,8.89034764,1e-05,synthetic_analytical
0.091,56,8.026509759,1e-05,synthetic_analytical
0.092,56,7.154750682,1e-05,synthetic_analytical
0.093,56,6.275930731,1e-05,synthetic_analytical
0.094,56,5.390917193,1e-05,synthetic_analytical
0.095,56,4.500583471,1e-05,synthetic_analytical
0.096,56,3.605808216,1e-05,synthetic_analytical
0.097,56,2.707474464,1e-05,synthetic_analytical
0.098,56,1.806468761,1e-05,synthetic_analytical
0.099,56,0.9036802924,1e-05,synthetic_analytical
0.1,56,3.523280589e-15,1e-05,synthetic_analytical
0,60,0,1e-05,synthetic_analytical
0.001,60,0.8686994615,1e-05,synthetic_analytical
0.002,60,1.736541622,1e-05,synthetic_analytical
0.003,60,2.602670025,1e-05,synthetic_analytical
0.004,60,3.466229907,1e-05,synthetic_analytical
0.005,60,4.326369038,1e-05,synthetic_analytical
0.006,60,5.182238566,1e-05,synthetic_analytical
0.007,60,6.03299385,1e-05,synthetic_analytical
0.008,60,6.877795297,1e-05,synthetic_analytical
0.009,60,7.715809191,1e-05,synthetic_analytical
0.01,60,8.546208512,1e-05,synthetic_analytical
0.011,60,9.368173758,1e-05,synthetic_analytical
0.012,60,10.18089375,1e-05,synthetic_analytical
0.013,60,10.98356642,1e-05,synthetic_analytical
0.014,60,11.77539965,1e-05,synthetic_analytical
0.015,60,12.55561197,1e-05,synthetic_analytical
0.016,60,13.32343342,1e-05,synthetic_analytical
0.017,60,14.07810625,1e-05,synthetic_analytical
0.018,60,14.81888569,1e-05,synthetic_analytical
0.019,60,15.54504068,1e-05,synthetic_analytical
0.02,60,16.25585459,1e-05,synthetic_analytical
0.021,60,16.95062593,1e-05,synthetic_analytical
0.022,60,17.62866906,1e-05,synthetic_analytical
0.023,60,18.28931481,1e-05,synthetic_analytical
0.024,60,18.93191122,1e-05,synthetic_analytical
0.025,60,19.55582412,1e-05,synthetic_analytical
0.026,60,20.16043778,1e-05,synthetic_analytical
0.027,60,20.74515553,1e-05,synthetic_analytical
0.028,60,21.30940031,1e-05,synthetic_analytical
0.029,60,21.85261528,1e-05,synthetic_analytical
0.03,60,22.37426436,1e-05,synthetic_analytical
0.031,60,22.87383274,1e-05,synthetic_analytical
0.032,60,23.35082742,1e-05,synthetic_analytical
0.033,60,23.80477764,1e-05,synthetic_analytical
0.034,60,24.23523542,1e-05,synthetic_analytical
0.035,60,24.64177595,1e-05,synthetic_analytical
0.036,60,25.02399803,1e-05,synthetic_analytical
0.037,60,25.38152444,1e-05,synthetic_analytical
0.038,60,25.71400235,1e-05,synthetic_analytical
0.039,60,26.02110364,1e-05,synthetic_analytical
0.04,60,26.30252524,1e-05,synthetic_analytical
0.041,60,26.55798943,1e-05,synthetic_analytical
0.042,60,26.78724409,1e-05,synthetic_analytical
0.043,60,26.99006297,1e-05,synthetic_analytical
0.044,60,27.16624592,1e-05,synthetic_analytical
0.045,60,27.31561907,1e-05,synthetic_analytical
0.046,60,27.43803499,1e-05,synthetic_analytical
0.047,60,27.53337289,1e-05,synthetic_analytical
0.048,60,27.60153868,1e-05,synthetic_analytical
0.049,60,27.64246507,1e-05,synthetic_analytical
0.05,60,27.6561117,1e-05,synthetic_analytical
0.051,60,27.64246507,1e-05,synthetic_analytical
0.052,60,27.60153868,1e-05,synthetic_analytical
0.053,60,27.53337289,1e-05,synthetic_analytical
0.054,60,27.43803499,1e-05,synthetic_analytical
0.055,60,27.31561907,1e-05,synthetic_analytical
0.056,60,27.16624592,1e-05,synthetic_analytical
0.057,60,26.99006297,1e-05,synthetic_analytical
0.058,60,26.78724409,1e-05,synthetic_analytical
0.059,60,26.55798943,1e-05,synthetic_analytical
0.06,60,26.30252524,1e-05,synthetic_analytical
0.061,60,26.02110364,1e-05,synthetic_analytical
0.062,60,25.71400235,1e-05,synthetic_analytical
0.063,60,25.38152444,1e-05,synthetic_analytical
0.064,60,25.02399803,1e-05,synthetic_analytical
0.065,60,24.64177595,1e-05,synthetic_analytical
0.066,60,24.23523542,1e-05,synthetic_analytical
0.067,60,23.80477764,1e-05,synthetic_analytical
0.068,60,23.35082742,1e-05,synthetic_analytical
0.069,60,22.87383274,1e-05,synthetic_analytical
0.07,60,22.37426436,1e-05,synthetic_analytical
0.071,60,21.85261528,1e-05,synthetic_analytical
0.072,60,21.30940031,1e-05,synthetic_analytical
0.073,60,20.74515553,1e-05,synthetic_analytical
0.074,60,20.16043778,1e-05,synthetic_analytical
0.075,60,19.55582412,1e-05,synthetic_analytical
0.076,60,18.93191122,1e-05,synthetic_analytical
0.077,60,18.28931481,1e-05,synthetic_analytical
0.078,60,17.62866906,1e-05,synthetic_analytical
0.079,60,16.95062593,1e-05,synthetic_analytical
0.08,60,16.25585459,1e-05,synthetic_analytical
0.081,60,15.54504068,1e-05,synthetic_analytical
0.082,60,14.81888569,1e-05,synthetic_analytical
0.083,60,14.07810625,1e-05,synthetic_analytical
0.084,60,13.32343342,1e-05,synthetic_analytical
0.085,60,12.55561197,1e-05,synthetic_analytical
0.086,60,11.77539965,1e-05,synthetic_analytical
0.087,60,10.98356642,1e-05,synthetic_analytical
0.088,60,10.18089375,1e-05,synthetic_analytical
0.089,60,9.368173758,1e-05,synthetic_analytical
0.09,60,8.546208512,1e-05,synthetic_analytical
0.091,60,7.715809191,1e-05,synthetic_analytical
0.092,60,6.877795297,1e-05,synthetic_analytical
0.093,60,6.03299385,1e-05,synthetic_analytical
0.094,60,5.182238566,1e-05,synthetic_analytical
0.095,60,4.326369038,1e-05,synthetic_analytical
0.096,60,3.466229907,1e-05,synthetic_analytical
0.097,60,2.602670025,1e-05,synthetic_analytical
0.098,60,1.736541622,1e-05,synthetic_analytical
0.099,60,0.8686994615,1e-05,synthetic_analytical
0.1,60,3.386896867e-15,1e-05,synthetic_analytical
0,64,0,1e-05,synthetic_analytical
0.001,64,0.8350727141,1e-05,synthetic_analytical
0.002,64,1.669321312,1e-05,synthetic_analytical
0.003,64,2.501922492,1e-05,synthetic_analytical
0.004,64,3.332054576,1e-05,synthetic_analytical
0.005,64,4.158898324,1e-05,synthetic_analytical
0.006,64,4.981637742,1e-05,synthetic_analytical
0.007,64,5.799460885,1e-05,synthetic_analytical
0.008,64,6.611560661,1e-05,synthetic_analytical
0.009,64,7.417135624,1e-05,synthetic_analytical
0.01,64,8.215390769,1e-05,synthetic_analytical
0.011,64,9.005538316,1e-05,synthetic_analytical
0.012,64,9.786798484,1e-05,synthetic_analytical
0.013,64,10.55840026,1e-05,synthetic_analytical
0.014,64,11.31958218,1e-05,synthetic_analytical
0.015,64,12.06959303,1e-05,synthetic_analytical
0.016,64,12.80769265,1e-05,synthetic_analytical
0.017,64,13.53315262,1e-05,synthetic_analytical
0.018,64,14.24525701,1e-05,synthetic_analytical
0.019,64,14.94330305,1e-05,synthetic_analytical
0.02,64,15.62660185,1e-05,synthetic_analytical
0.021,64,16.29447908,1e-05,synthetic_analytical
0.022,64,16.94627563,1e-05,synthetic_analytical
0.023,64,17.58134825,1e-05,synthetic_analytical
0.024,64,18.19907021,1e-05,synthetic_analytical
0.025,64,18.79883187,1e-05,synthetic_analytical
0.026,64,19.38004136,1e-05,synthetic_analytical
0.027,64,19.94212509,1e-05,synthetic_analytical
0.028,64,20.48452835,1e-05,synthetic_analytical
0.029,64,21.00671585,1e-05,synthetic_analytical
0.03,64,21.50817226,1e-05,synthetic_analytical
0.031,64,21.98840271,1e-05,synthetic_analytical
0.032,64,22.44693325,1e-05,synthetic_analytical
0.033,64,22.88331138,1e-05,synthetic_analytical
0.034,64,23.29710644,1e-05,synthetic_analytical
0.035,64,23.68791007,1e-05,synthetic_analytical
0.036,64,24.0553366,1e-05,synthetic_analytical
0.037,64,24.39902341,1e-05,synthetic_analytical
0.038,64,24.71863133,1e-05,synthetic_analytical
0.039,64,25.01384495,1e-05,synthetic_analytical
0.04,64,25.28437292,1e-05,synthetic_analytical
0.041,64,25.52994827,1e-05,synthetic_analytical
0.042,64,25.75032864,1e-05,synthetic_analytical
0.043,64,25.94529655,1e-05,synthetic_analytical
0.044,64,26.11465958,1e-05,synthetic_analytical
0.045,64,26.25825059,1e-05,synthetic_analytical
0.046,64,26.37592789,1e-05,synthetic_analytical
0.047,64,26.46757532,1e-05,synthetic_analytical
0.048,64,26.53310246,1e-05,synthetic_analytical
0.049,64,26.57244462,1e-05,synthetic_analytical
0.05,64,26.58556299,1e-05,synthetic_analytical
0.051,64,26.57244462,1e-05,synthetic_analytical
0.052,64,26.53310246,1e-05,synthetic_analytical
0.053,64,26.46757532,1e-05,synthetic_analytical
0.054,64,26.37592789,1e-05,synthetic_analytical
0.055,64,26.25825059,1e-05,synthetic_analytical
0.056,64,26.11465958,1e-05,synthetic_analytical
0.057,64,25.94529655,1e-05,synthetic_analytical
0.058,64,25.75032864,1e-05,synthetic_analytical
0.059,64,25.52994827,1e-05,synthetic_analytical
0.06,64,25.28437292,1e-05,synthetic_analytical
0.061,64,25.01384495,1e-05,synthetic_analytical
0.062,64,24.71863133,1e-05,synthetic_analytical
0.063,64,24.39902341,1e-05,synthetic_analytical
0.064,64,24.0553366,1e-05,synthetic_analytical
0.065,64,23.68791007,1e-05,synthetic_analytical
0.066,64,23.29710644,1e-05,synthetic_analytical
0.067,64,22.88331138,1e-05,synthetic_analytical
0.068,64,22.44693325,1e-05,synthetic_analytical
0.069,64,21.98840271,1e-05,synthetic_analytical
0.07,64,21.50817226,1e-05,synthetic_analytical
0.071,64,21.00671585,1e-05,synthetic_analytical
0.072,64,20.48452835,1e-05,synthetic_analytical
0.073,64,19.94212509,1e-05,synthetic_analytical
0.074,64,19.38004136,1e-05,synthetic_analytical
0.075,64,18.79883187,1e-05,synthetic_analytical
0.076,64,18.19907021,1e-05,synthetic_analytical
0.077,64,17.58134825,1e-05,synthetic_analytical
0.078,64,16.94627563,1e-05,synthetic_analytical
0.079,64,16.29447908,1e-05,synthetic_analytical
0.08,64,15.62660185,1e-05,synthetic_analytical
0.081,64,14.94330305,1e-05,synthetic_analytical
0.082,64,14.24525701,1e-05,synthetic_analytical
0.083,64,13.53315262,1e-05,synthetic_analytical
0.084,64,12.80769265,1e-05,synthetic_analytical
0.085,64,12.06959303,1e-05,synthetic_analytical
0.086,64,11.31958218,1e-05,synthetic_analytical
0.087,64,10.55840026,1e-05,synthetic_analytical
0.088,64,9.786798484,1e-05,synthetic_analytical
0.089,64,9.005538316,1e-05,synthetic_analytical
0.09,64,8.215390769,1e-05,synthetic_analytical
0.091,64,7.417135624,1e-05,synthetic_analytical
0.092,64,6.611560661,1e-05,synthetic_analytical
0.093,64,5.799460885,1e-05,synthetic_analytical
0.094,64,4.981637742,1e-05,synthetic_analytical
0.095,64,4.158898324,1e-05,synthetic_analytical
0.096,64,3.332054576,1e-05,synthetic_analytical
0.097,64,2.501922492,1e-05,synthetic_analytical
0.098,64,1.669321312,1e-05,synthetic_analytical
0.099,64,0.8350727141,1e-05,synthetic_analytical
0.1,64,3.255792462e-15,1e-05,synthetic_analytical
0,68,0,1e-05,synthetic_analytical
0.001,68,0.8027476345,1e-05,synthetic_analytical
0.002,68,1.604703054,1e-05,synthetic_analytical
0.003,68,2.405074825,1e-05,synthetic_analytical
0.004,68,3.203073078,1e-05,synthetic_analytical
0.005,68,3.997910284,1e-05,synthetic_analytical
0.006,68,4.788802036,1e-05,synthetic_analytical
0.007,68,5.574967818,1e-05,synthetic_analytical
0.008,68,6.35563178,1e-05,synthetic_analytical
0.009,68,7.130023501,1e-05,synthetic_analytical
0.01,68,7.897378749,1e-05,synthetic_analytical
0.011,68,8.656940238,1e-05,synthetic_analytical
0.012,68,9.407958373,1e-05,synthetic_analytical
0.013,68,10.14969199,1e-05,synthetic_analytical
0.014,68,10.88140908,1e-05,synthetic_analytical
0.015,68,11.60238754,1e-05,synthetic_analytical
0.016,68,12.31191584,1e-05,synthetic_analytical
0.017,68,13.00929377,1e-05,synthetic_analytical
0.018,68,13.69383309,1e-05,synthetic_analytical
0.019,68,14.36485826,1e-05,synthetic_analytical
0.02,68,15.02170704,1e-05,synthetic_analytical
0.021,68,15.66373122,1e-05,synthetic_analytical
0.022,68,16.29029718,1e-05,synthetic_analytical
0.023,68,16.90078658,1e-05,synthetic_analytical
0.024,68,17.49459695,1e-05,synthetic_analytical
0.025,68,18.07114226,1e-05,synthetic_analytical
0.026,68,18.62985354,1e-05,synthetic_analytical
0.027,68,19.1701794,1e-05,synthetic_analytical
0.028,68,19.69158661,1e-05,synthetic_analytical
0.029,68,20.1935606,1e-05,synthetic_analytical
0.03,68,20.67560599,1e-05,synthetic_analytical
0.031,68,21.13724705,1e-05,synthetic_analytical
0.032,68,21.57802819,1e-05,synthetic_analytical
0.033,68,21.99751443,1e-05,synthetic_analytical
0.034,68,22.39529178,1e-05,synthetic_analytical
0.035,68,22.77096767,1e-05,synthetic_analytical
0.036,68,23.12417138,1e-05,synthetic_analytical
0.037,68,23.45455431,1e-05,synthetic_analytical
0.038,68,23.76179044,1e-05,synthetic_analytical
0.039,68,24.04557654,1e-05,synthetic_analytical
0.04,68,24.30563256,1e-05,synthetic_analytical
0.041,68,24.54170186,1e-05,synthetic_analytical
0.042,68,24.75355146,1e-05,synthetic_analytical
0.043,68,24.9409723,1e-05,synthetic_analytical
0.044,68,25.10377941,1e-05,synthetic_analytical
0.045,68,25.24181211,1e-05,synthetic_analytical
0.046,68,25.3549342,1e-05,synthetic_analytical
0.047,68,25.44303403,1e-05,synthetic_analytical
0.048,68,25.50602465,1e-05,synthetic_analytical
0.049,68,25.54384391,1e-05,synthetic_analytical
0.05,68,25.55645448,1e-05,synthetic_analytical
0.051,68,25.54384391,1e-05,synthetic_analytical
0.052,68,25.50602465,1e-05,synthetic_analytical
0.053,68,25.44303403,1e-05,synthetic_analytical
0.054,68,25.3549342,1e-05,synthetic_analytical
0.055,68,25.24181211,1e-05,synthetic_analytical
0.056,68,25.10377941,1e-05,synthetic_analytical
0.057,68,24.9409723,1e-05,synthetic_analytical
0.058,68,24.75355146,1e-05,synthetic_analytical
0.059,68,24.54170186,1e-05,synthetic_analytical
0.06,68,24.30563256,1e-05,synthetic_analytical
0.061,68,24.04557654,1e-05,synthetic_analytical
0.062,68,23.76179044,1e-05,synthetic_analytical
0.063,68,23.45455431,1e-05,synthetic_analytical
0.064,68,23.12417138,1e-05,synthetic_analytical
0.065,68,22.77096767,1e-05,synthetic_analytical
0.066,68,22.39529178,1e-05,synthetic_analytical
0.067,68,21.99751443,1e-05,synthetic_analytical
0.068,68,21.57802819,1e-05,synthetic_analytical
0.069,68,21.13724705,1e-05,synthetic_analytical
0.07,68,20.67560599,1e-05,synthetic_analytical
0.071,68,20.1935606,1e-05,synthetic_analytical
0.072,68,19.69158661,1e-05,synthetic_analytical
0.073,68,19.1701794,1e-05,synthetic_analytical
0.074,68,18.62985354,1e-05,synthetic_analytical
0.075,68,18.07114226,1e-05,synthetic_analytical
0.076,68,17.49459695,1e-05,synthetic_analytical
0.077,68,16.90078658,1e-05,synthetic_analytical
0.078,68,16.29029718,1e-05,synthetic_analytical
0.079,68,15.66373122,1e-05,synthetic_analytical
0.08,68,15.02170704,1e-05,synthetic_analytical
0.081,68,14.36485826,1e-05,synthetic_analytical
0.082,68,13.69383309,1e-05,synthetic_analytical
0.083,68,13.00929377,1e-05,synthetic_analytical
0.084,68,12.31191584,1e-05,synthetic_analytical
0.085,68,11.60238754,1e-05,synthetic_analytical
0.086,68,10.88140908,1e-05,synthetic_analytical
0.087,68,10.14969199,1e-05,synthetic_analytical
0.088,68,9.407958373,1e-05,synthetic_analytical
0.089,68,8.656940238,1e-05,synthetic_analytical
0.09,68,7.897378749,1e-05,synthetic_analytical
0.091,68,7.130023501,1e-05,synthetic_analytical
0.092,68,6.35563178,1e-05,synthetic_analytical
0.093,68,5.574967818,1e-05,synthetic_analytical
0.094,68,4.788802036,1e-05,synthetic_analytical
0.095,68,3.997910284,1e-05,synthetic_analytical
0.096,68,3.203073078,1e-05,synthetic_analytical
0.097,68,2.405074825,1e-05,synthetic_analytical
0.098,68,1.604703054,1e-05,synthetic_analytical
0.099,68,0.8027476345,1e-05,synthetic_analytical
0.1,68,3.129763017e-15,1e-05,synthetic_analytical
0,72,0,1e-05,synthetic_analytical
0.001,72,0.771673836,1e-05,synthetic_analytical
0.002,72,1.542586123,1e-05,synthetic_analytical
0.003,72,2.311976064,1e-05,synthetic_analytical
0.004,72,3.079084364,1e-05,synthetic_analytical
0.005,72,3.843153979,1e-05,synthetic_analytical
0.006,72,4.603430865,1e-05,synthetic_analytical
0.007,72,5.35916472,1e-05,synthetic_analytical
0.008,72,6.109609728,1e-05,synthetic_analytical
0.009,72,6.854025287,1e-05,synthetic_analytical
0.01,72,7.591676752,1e-05,synthetic_analytical
0.011,72,8.321836148,1e-05,synthetic_analytical
0.012,72,9.043782896,1e-05,synthetic_analytical
0.013,72,9.756804523,1e-05,synthetic_analytical
0.014,72,10.46019736,1e-05,synthetic_analytical
0.015,72,11.15326725,1e-05,synthetic_analytical
0.016,72,11.83533021,1e-05,synthetic_analytical
0.017,72,12.50571312,1e-05,synthetic_analytical
0.018,72,13.16375441,1e-05,synthetic_analytical
0.019,72,13.80880466,1e-05,synthetic_analytical
0.02,72,14.44022729,1e-05,synthetic_analytical
0.021,72,15.05739916,1e-05,synthetic_analytical
0.022,72,15.65971119,1e-05,synthetic_analytical
0.023,72,16.24656898,1e-05,synthetic_analytical
0.024,72,16.81739336,1e-05,synthetic_analytical
0.025,72,17.37162101,1e-05,synthetic_analytical
0.026,72,17.90870497,1e-05,synthetic_analytical
0.027,72,18.42811519,1e-05,synthetic_analytical
0.028,72,18.92933909,1e-05,synthetic_analytical
0.029,72,19.41188202,1e-05,synthetic_analytical
0.03,72,19.87526777,1e-05,synthetic_analytical
0.031,72,20.31903902,1e-05,synthetic_analytical
0.032,72,20.74275784,1e-05,synthetic_analytical
0.033,72,21.14600606,1e-05,synthetic_analytical
0.034,72,21.52838572,1e-05,synthetic_analytical
0.035,72,21.88951947,1e-05,synthetic_analytical
0.036,72,22.22905091,1e-05,synthetic_analytical
0.037,72,22.54664495,1e-05,synthetic_analytical
0.038,72,22.84198818,1e-05,synthetic_analytical
0.039,72,23.11478912,1e-05,synthetic_analytical
0.04,72,23.36477856,1e-05,synthetic_analytical
0.041,72,23.59170978,1e-05,synthetic_analytical
0.042,72,23.79535883,1e-05,synthetic_analytical
0.043,72,23.97552474,1e-05,synthetic_analytical
0.044,72,24.1320297,1e-05,synthetic_analytical
0.045,72,24.26471925,1e-05,synthetic_analytical
0.046,72,24.37346246,1e-05,synthetic_analytical
0.047,72,24.45815201,1e-05,synthetic_analytical
0.048,72,24.51870431,1e-05,synthetic_analytical
0.049,72,24.55505961,1e-05,synthetic_analytical
0.05,72,24.56718203,1e-05,synthetic_analytical
0.051,72,24.55505961,1e-05,synthetic_analytical
0.052,72,24.51870431,1e-05,synthetic_analytical
0.053,72,24.45815201,1e-05,synthetic_analytical
0.054,72,24.37346246,1e-05,synthetic_analytical
0.055,72,24.26471925,1e-05,synthetic_analytical
0.056,72,24.1320297,1e-05,synthetic_analytical
0.057,72,23.97552474,1e-05,synthetic_analytical
0.058,72,23.79535883,1e-05,synthetic_analytical
0.059,72,23.59170978,1e-05,synthetic_analytical
0.06,72,23.36477856,1e-05,synthetic_analytical
0.061,72,23.11478912,1e-05,synthetic_analytical
0.062,72,22.84198818,1e-05,synthetic_analytical
0.063,72,22.54664495,1e-05,synthetic_analytical
0.064,72,22.22905091,1e-05,synthetic_analytical
0.065,72,21.88951947,1e-05,synthetic_analytical
0.066,72,21.52838572,1e-05,synthetic_analytical
0.067,72,21.14600606,1e-05,synthetic_analytical
0.068,72,20.74275784,1e-05,synthetic_analytical
0.069,72,20.31903902,1e-05,synthetic_analytical
0.07,72,19.87526777,1e-05,synthetic_analytical
0.071,72,19.41188202,1e-05,synthetic_analytical
0.072,72,18.92933909,1e-05,synthetic_analytical
0.073,72,18.42811519,1e-05,synthetic_analytical
0.074,72,17.90870497,1e-05,synthetic_analytical
0.075,72,17.37162101,1e-05,synthetic_analytical
0.076,72,16.81739336,1e-05,synthetic_analytical
0.077,72,16.24656898,1e-05,synthetic_analytical
0.078,72,15.65971119,1e-05,synthetic_analytical
0.079,72,15.05739916,1e-05,synthetic_analytical
0.08,72,14.44022729,1e-05,synthetic_analytical
0.081,72,13.80880466,1e-05,synthetic_analytical
0.082,72,13.16375441,1e-05,synthetic_analytical
0.083,72,12.50571312,1e-05,synthetic_analytical
0.084,72,11.83533021,1e-05,synthetic_analytical
0.085,72,11.15326725,1e-05,synthetic_analytical
0.086,72,10.46019736,1e-05,synthetic_analytical
0.087,72,9.756804523,1e-05,synthetic_analytical
0.088,72,9.043782896,1e-05,synthetic_analytical
0.089,72,8.321836148,1e-05,synthetic_analytical
0.09,72,7.591676752,1e-05,synthetic_analytical
0.091,72,6.854025287,1e-05,synthetic_analytical
0.092,72,6.109609728,1e-05,synthetic_analytical
0.093,72,5.35916472,1e-05,synthetic_analytical
0.094,72,4.603430865,1e-05,synthetic_analytical
0.095,72,3.843153979,1e-05,synthetic_analytical
0.096,72,3.079084364,1e-05,synthetic_analytical
0.097,72,2.311976064,1e-05,synthetic_analytical
0.098,72,1.542586123,1e-05,synthetic_analytical
0.099,72,0.771673836,1e-05,synthetic_analytical
0.1,72,3.008612084e-15,1e-05,synthetic_analytical
0,76,0,1e-05,synthetic_analytical
0.001,76,0.7418028826,1e-05,synthetic_analytical
0.002,76,1.482873695,1e-05,synthetic_analytical
0.003,76,2.222481091,1e-05,synthetic_analytical
0.004,76,2.959895166,1e-05,synthetic_analytical
0.005,76,3.694388181,1e-05,synthetic_analytical
0.006,76,4.425235282,1e-05,synthetic_analytical
0.007,76,5.151715209,1e-05,synthetic_analytical
0.008,76,5.873111016,1e-05,synthetic_analytical
0.009,76,6.588710771,1e-05,synthetic_analytical
0.01,76,7.297808264,1e-05,synthetic_analytical
0.011,76,7.999703702,1e-05,synthetic_analytical
0.012,76,8.693704398,1e-05,synthetic_analytical
0.013,76,9.379125457,1e-05,synthetic_analytical
0.014,76,10.05529045,1e-05,synthetic_analytical
0.015,76,10.72153209,1e-05,synthetic_analytical
0.016,76,11.37719287,1e-05,synthetic_analytical
0.017,76,12.02162573,1e-05,synthetic_analytical
0.018,76,12.6541947,1e-05,synthetic_analytical
0.019,76,13.27427551,1e-05,synthetic_analytical
0.02,76,13.88125621,1e-05,synthetic_analytical
0.021,76,14.47453779,1e-05,synthetic_analytical
0.022,76,15.05353474,1e-05,synthetic_analytical
0.023,76,15.61767567,1e-05,synthetic_analytical
0.024,76,16.16640385,1e-05,synthetic_analytical
0.025,76,16.69917773,1e-05,synthetic_analytical
0.026,76,17.21547155,1e-05,synthetic_analytical
0.027,76,17.71477577,1e-05,synthetic_analytical
0.028,76,18.19659764,1e-05,synthetic_analytical
0.029,76,18.66046167,1e-05,synthetic_analytical
0.03,76,19.10591008,1e-05,synthetic_analytical
0.031,76,19.53250326,1e-05,synthetic_analytical
0.032,76,19.93982022,1e-05,synthetic_analytical
0.033,76,20.32745898,1e-05,synthetic_analytical
0.034,76,20.695037,1e-05,synthetic_analytical
0.035,76,21.04219151,1e-05,synthetic_analytical
0.036,76,21.36857992,1e-05,synthetic_analytical
0.037,76,21.67388012,1e-05,synthetic_analytical
0.038,76,21.95779082,1e-05,synthetic_analytical
0.039,76,22.22003183,1e-05,synthetic_analytical
0.04,76,22.46034435,1e-05,synthetic_analytical
0.041,76,22.67849123,1e-05,synthetic_analytical
0.042,76,22.87425717,1e-05,synthetic_analytical
0.043,76,23.04744898,1e-05,synthetic_analytical
0.044,76,23.19789574,1e-05,synthetic_analytical
0.045,76,23.32544897,1e-05,synthetic_analytical
0.046,76,23.42998281,1e-05,synthetic_analytical
0.047,76,23.51139408,1e-05,synthetic_analytical
0.048,76,23.56960245,1e-05,synthetic_analytical
0.049,76,23.60455046,1e-05,synthetic_analytical
0.05,76,23.61620363,1e-05,synthetic_analytical
0.051,76,23.60455046,1e-05,synthetic_analytical
0.052,76,23.56960245,1e-05,synthetic_analytical
0.053,76,23.51139408,1e-05,synthetic_analytical
0.054,76,23.42998281,1e-05,synthetic_analytical
0.055,76,23.32544897,1e-05,synthetic_analytical
0.056,76,23.19789574,1e-05,synthetic_analytical
0.057,76,23.04744898,1e-05,synthetic_analytical
0.058,76,22.87425717,1e-05,synthetic_analytical
0.059,76,22.67849123,1e-05,synthetic_analytical
0.06,76,22.46034435,1e-05,synthetic_analytical
0.061,76,22.22003183,1e-05,synthetic_analytical
0.062,76,21.95779082,1e-05,synthetic_analytical
0.063,76,21.67388012,1e-05,synthetic_analytical
0.064,76,21.36857992,1e-05,synthetic_analytical
0.065,76,21.04219151,1e-05,synthetic_analytical
0.066,76,20.695037,1e-05,synthetic_analytical
0.067,76,20.32745898,1e-05,synthetic_analytical
0.068,76,19.93982022,1e-05,synthetic_analytical
0.069,76,19.53250326,1e-05,synthetic_analytical
0.07,76,19.10591008,1e-05,synthetic_analytical
0.071,76,18.66046167,1e-05,synthetic_analytical
0.072,76,18.19659764,1e-05,synthetic_analytical
0.073,76,17.71477577,1e-05,synthetic_analytical
0.074,76,17.21547155,1e-05,synthetic_analytical
0.075,76,16.69917773,1e-05,synthetic_analytical
0.076,76,16.16640385,1e-05,synthetic_analytical
0.077,76,15.61767567,1e-05,synthetic_analytical
0.078,76,15.05353474,1e-05,synthetic_analytical
0.079,76,14.47453779,1e-05,synthetic_analytical
0.08,76,13.88125621,1e-05,synthetic_analytical
0.081,76,13.27427551,1e-05,synthetic_analytical
0.082,76,12.6541947,1e-05,synthetic_analytical
0.083,76,12.02162573,1e-05,synthetic_analytical
0.084,76,11.37719287,1e-05,synthetic_analytical
0.085,76,10.72153209,1e-05,synthetic_analytical
0.086,76,10.05529045,1e-05,synthetic_analytical
0.087,76,9.379125457,1e-05,synthetic_analytical
0.088,76,8.693704398,1e-05,synthetic_analytical
0.089,76,7.999703702,1e-05,synthetic_analytical
0.09,76,7.297808264,1e-05,synthetic_analytical
0.091,76,6.588710771,1e-05,synthetic_analytical
0.092,76,5.873111016,1e-05,synthetic_analytical
0.093,76,5.151715209,1e-05,synthetic_analytical
0.094,76,4.425235282,1e-05,synthetic_analytical
0.095,76,3.694388181,1e-05,synthetic_analytical
0.096,76,2.959895166,1e-05,synthetic_analytical
0.097,76,2.222481091,1e-05,synthetic_analytical
0.098,76,1.482873695,1e-05,synthetic_analytical
0.099,76,0.7418028826,1e-05,synthetic_analytical
0.1,76,2.892150818e-15,1e-05,synthetic_analytical
0,80,0,1e-05,synthetic_analytical
0.001,80,0.7130882128,1e-05,synthetic_analytical
0.002,80,1.425472694,1e-05,synthetic_analytical
0.003,80,2.136450405,1e-05,synthetic_analytical
0.004,80,2.845319698,1e-05,synthetic_analytical
0.005,80,3.551381003,1e-05,synthetic_analytical
0.006,80,4.253937525,1e-05,synthetic_analytical
0.007,80,4.952295924,1e-05,synthetic_analytical
0.008,80,5.645767004,1e-05,synthetic_analytical
0.009,80,6.333666394,1e-05,synthetic_analytical
0.01,80,7.01531522,1e-05,synthetic_analytical
0.011,80,7.690040777,1e-05,synthetic_analytical
0.012,80,8.357177192,1e-05,synthetic_analytical
0.013,80,9.016066082,1e-05,synthetic_analytical
0.014,80,9.666057204,1e-05,synthetic_analytical
0.015,80,10.30650909,1e-05,synthetic_analytical
0.016,80,10.9367897,1e-05,synthetic_analytical
0.017,80,11.55627702,1e-05,synthetic_analytical
0.018,80,12.16435969,1e-05,synthetic_analytical
0.019,80,12.76043761,1e-05,synthetic_analytical
0.02,80,13.34392251,1e-05,synthetic_analytical
0.021,80,13.91423857,1e-05,synthetic_analytical
0.022,80,14.47082296,1e-05,synthetic_analytical
0.023,80,15.01312639,1e-05,synthetic_analytical
0.024,80,15.54061368,1e-05,synthetic_analytical
0.025,80,16.05276426,1e-05,synthetic_analytical
0.026,80,16.54907271,1e-05,synthetic_analytical
0.027,80,17.02904921,1e-05,synthetic_analytical
0.028,80,17.4922201,1e-05,synthetic_analytical
0.029,80,17.93812828,1e-05,synthetic_analytical
0.03,80,18.36633369,1e-05,synthetic_analytical
0.031,80,18.77641375,1e-05,synthetic_analytical
0.032,80,19.16796375,1e-05,synthetic_analytical
0.033,80,19.54059729,1e-05,synthetic_analytical
0.034,80,19.89394662,1e-05,synthetic_analytical
0.035,80,20.22766302,1e-05,synthetic_analytical
0.036,80,20.54141717,1e-05,synthetic_analytical
0.037,80,20.83489941,1e-05,synthetic_analytical
0.038,80,21.10782013,1e-05,synthetic_analytical
0.039,80,21.35990997,1e-05,synthetic_analytical
0.04,80,21.59092016,1e-05,synthetic_analytical
0.041,80,21.80062272,1e-05,synthetic_analytical
0.042,80,21.9888107,1e-05,synthetic_analytical
0.043,80,22.15529838,1e-05,synthetic_analytical
0.044,80,22.29992145,1e-05,synthetic_analytical
0.045,80,22.42253719,1e-05,synthetic_analytical
0.046,80,22.52302459,1e-05,synthetic_analytical
0.047,80,22.60128449,1e-05,synthetic_analytical
0.048,80,22.65723965,1e-05,synthetic_analytical
0.049,80,22.69083485,1e-05,synthetic_analytical
0.05,80,22.70203694,1e-05,synthetic_analytical
0.051,80,22.69083485,1e-05,synthetic_analytical
0.052,80,22.65723965,1e-05,synthetic_analytical
0.053,80,22.60128449,1e-05,synthetic_analytical
0.054,80,22.52302459,1e-05,synthetic_analytical
0.055,80,22.42253719,1e-05,synthetic_analytical
0.056,80,22.29992145,1e-05,synthetic_analytical
0.057,80,22.15529838,1e-05,synthetic_analytical
0.058,80,21.9888107,1e-05,synthetic_analytical
0.059,80,21.80062272,1e-05,synthetic_analytical
0.06,80,21.59092016,1e-05,synthetic_analytical
0.061,80,21.35990997,1e-05,synthetic_analytical
0.062,80,21.10782013,1e-05,synthetic_analytical
0.063,80,20.83489941,1e-05,synthetic_analytical
0.064,80,20.54141717,1e-05,synthetic_analytical
0.065,80,20.22766302,1e-05,synthetic_analytical
0.066,80,19.89394662,1e-05,synthetic_analytical
0.067,80,19.54059729,1e-05,synthetic_analytical
0.068,80,19.16796375,1e-05,synthetic_analytical
0.069,80,18.77641375,1e-05,synthetic_analytical
0.07,80,18.36633369,1e-05,synthetic_analytical
0.071,80,17.93812828,1e-05,synthetic_analytical
0.072,80,17.4922201,1e-05,synthetic_analytical
0.073,80,17.02904921,1e-05,synthetic_analytical
0.074,80,16.54907271,1e-05,synthetic_analytical
0.075,80,16.05276426,1e-05,synthetic_analytical
0.076,80,15.54061368,1e-05,synthetic_analytical
0.077,80,15.01312639,1e-05,synthetic_analytical
0.078,80,14.47082296,1e-05,synthetic_analytical
0.079,80,13.91423857,1e-05,synthetic_analytical
0.08,80,13.34392251,1e-05,synthetic_analytical
0.081,80,12.76043761,1e-05,synthetic_analytical
0.082,80,12.16435969,1e-05,synthetic_analytical
0.083,80,11.55627702,1e-05,synthetic_analytical
0.084,80,10.9367897,1e-05,synthetic_analytical
0.085,80,10.30650909,1e-05,synthetic_analytical
0.086,80,9.666057204,1e-05,synthetic_analytical
0.087,80,9.016066082,1e-05,synthetic_analytical
0.088,80,8.357177192,1e-05,synthetic_analytical
0.089,80,7.690040777,1e-05,synthetic_analytical
0.09,80,7.01531522,1e-05,synthetic_analytical
0.091,80,6.333666394,1e-05,synthetic_analytical
0.092,80,5.645767004,1e-05,synthetic_analytical
0.093,80,4.952295924,1e-05,synthetic_analytical
0.094,80,4.253937525,1e-05,synthetic_analytical
0.095,80,3.551381003,1e-05,synthetic_analytical
0.096,80,2.845319698,1e-05,synthetic_analytical
0.097,80,2.136450405,1e-05,synthetic_analytical
0.098,80,1.425472694,1e-05,synthetic_analytical
0.099,80,0.7130882128,1e-05,synthetic_analytical
0.1,80,2.780197687e-15,1e-05,synthetic_analytical
0,84,0,1e-05,synthetic_analytical
0.001,84,0.6854850678,1e-05,synthetic_analytical
0.002,84,1.370293644,1e-05,synthetic_analytical
0.003,84,2.053749907,1e-05,synthetic_analytical
0.004,84,2.735179366,1e-05,synthetic_analytical
0.005,84,3.413909533,1e-05,synthetic_analytical
0.006,84,4.089270584,1e-05,synthetic_analytical
0.007,84,4.760596019,1e-05,synthetic_analytical
0.008,84,5.42722332,1e-05,synthetic_analytical
0.009,84,6.088494606,1e-05,synthetic_analytical
0.01,84,6.743757284,1e-05,synthetic_analytical
0.011,84,7.392364687,1e-05,synthetic_analytical
0.012,84,8.033676719,1e-05,synthetic_analytical
0.013,84,8.667060482,1e-05,synthetic_analytical
0.014,84,9.291890903,1e-05,synthetic_analytical
0.015,84,9.907551349,1e-05,synthetic_analytical
0.016,84,10.51343424,1e-05,synthetic_analytical
0.017,84,11.10894164,1e-05,synthetic_analytical
0.018,84,11.69348585,1e-05,synthetic_analytical
0.019,84,12.26649001,1e-05,synthetic_analytical
0.02,84,12.82738862,1e-05,synthetic_analytical
0.021,84,13.37562815,1e-05,synthetic_analytical
0.022,84,13.91066754,1e-05,synthetic_analytical
0.023,84,14.43197879,1e-05,synthetic_analytical
0.024,84,14.93904742,1e-05,synthetic_analytical
0.025,84,15.43137301,1e-05,synthetic_analytical
0.026,84,15.9084697,1e-05,synthetic_analytical
0.027,84,16.36986665,1e-05,synthetic_analytical
0.028,84,16.81510851,1e-05,synthetic_analytical
0.029,84,17.2437559,1e-05,synthetic_analytical
0.03,84,17.65538578,1e-05,synthetic_analytical
0.031,84,18.04959193,1e-05,synthetic_analytical
0.032,84,18.42598531,1e-05,synthetic_analytical
0.033,84,18.78419446,1e-05,synthetic_analytical
0.034,84,19.12386588,1e-05,synthetic_analytical
0.035,84,19.44466436,1e-05,synthetic_analytical
0.036,84,19.7462733,1e-05,synthetic_analytical
0.037,84,20.02839505,1e-05,synthetic_analytical
0.038,84,20.2907512,1e-05,synthetic_analytical
0.039,84,20.53308282,1e-05,synthetic_analytical
0.04,84,20.75515077,1e-05,synthetic_analytical
0.041,84,20.95673589,1e-05,synthetic_analytical
0.042,84,21.13763925,1e-05,synthetic_analytical
0.043,84,21.2976823,1e-05,synthetic_analytical
0.044,84,21.43670711,1e-05,synthetic_analytical
0.045,84,21.55457649,1e-05,synthetic_analytical
0.046,84,21.65117409,1e-05,synthetic_analytical
0.047,84,21.72640461,1e-05,synthetic_analytical
0.048,84,21.78019378,1e-05,synthetic_analytical
0.049,84,21.81248853,1e-05,synthetic_analytical
0.05,84,21.82325699,1e-05,synthetic_analytical
0.051,84,21.81248853,1e-05,synthetic_analytical
0.052,84,21.78019378,1e-05,synthetic_analytical
0.053,84,21.72640461,1e-05,synthetic_analytical
0.054,84,21.65117409,1e-05,synthetic_analytical
0.055,84,21.55457649,1e-05,synthetic_analytical
0.056,84,21.43670711,1e-05,synthetic_analytical
0.057,84,21.2976823,1e-05,synthetic_analytical
0.058,84,21.13763925,1e-05,synthetic_analytical
0.059,84,20.95673589,1e-05,synthetic_analytical
0.06,84,20.75515077,1e-05,synthetic_analytical
0.061,84,20.53308282,1e-05,synthetic_analytical
0.062,84,20.2907512,1e-05,synthetic_analytical
0.063,84,20.02839505,1e-05,synthetic_analytical
0.064,84,19.7462733,1e-05,synthetic_analytical
0.065,84,19.44466436,1e-05,synthetic_analytical
0.066,84,19.12386588,1e-05,synthetic_analytical
0.067,84,18.78419446,1e-05,synthetic_analytical
0.068,84,18.42598531,1e-05,synthetic_analytical
0.069,84,18.04959193,1e-05,synthetic_analytical
0.07,84,17.65538578,1e-05,synthetic_analytical
0.071,84,17.2437559,1e-05,synthetic_analytical
0.072,84,16.81510851,1e-05,synthetic_analytical
0.073,84,16.36986665,1e-05,synthetic_analytical
0.074,84,15.9084697,1e-05,synthetic_analytical
0.075,84,15.43137301,1e-05,synthetic_analytical
0.076,84,14.93904742,1e-05,synthetic_analytical
0.077,84,14.43197879,1e-05,synthetic_analytical
0.078,84,13.91066754,1e-05,synthetic_analytical
0.079,84,13.37562815,1e-05,synthetic_analytical
0.08,84,12.82738862,1e-05,synthetic_analytical
0.081,84,12.26649001,1e-05,synthetic_analytical
0.082,84,11.69348585,1e-05,synthetic_analytical
0.083,84,11.10894164,1e-05,synthetic_analytical
0.084,84,10.51343424,1e-05,synthetic_analytical
0.085,84,9.907551349,1e-05,synthetic_analytical
0.086,84,9.291890903,1e-05,synthetic_analytical
0.087,84,8.667060482,1e-05,synthetic_analytical
0.088,84,8.033676719,1e-05,synthetic_analytical
0.089,84,7.392364687,1e-05,synthetic_analytical
0.09,84,6.743757284,1e-05,synthetic_analytical
0.091,84,6.088494606,1e-05,synthetic_analytical
0.092,84,5.42722332,1e-05,synthetic_analytical
0.093,84,4.760596019,1e-05,synthetic_analytical
0.094,84,4.089270584,1e-05,synthetic_analytical
0.095,84,3.413909533,1e-05,synthetic_analytical
0.096,84,2.735179366,1e-05,synthetic_analytical
0.097,84,2.053749907,1e-05,synthetic_analytical
0.098,84,1.370293644,1e-05,synthetic_analytical
0.099,84,0.6854850678,1e-05,synthetic_analytical
0.1,84,2.672578183e-15,1e-05,synthetic_analytical
0,88,0,1e-05,synthetic_analytical
0.001,88,0.6589504211,1e-05,synthetic_analytical
0.002,88,1.317250538,1e-05,synthetic_analytical
0.003,88,1.974250687,1e-05,synthetic_analytical
0.004,88,2.629302489,1e-05,synthetic_analytical
0.005,88,3.281759488,1e-05,synthetic_analytical
0.006,88,3.930977785,1e-05,synthetic_analytical
0.007,88,4.576316683,1e-05,synthetic_analytical
0.008,88,5.217139308,1e-05,synthetic_analytical
0.009,88,5.852813246,1e-05,synthetic_analytical
0.01,88,6.482711165,1e-05,synthetic_analytical
0.011,88,7.10621143,1e-05,synthetic_analytical
0.012,88,7.722698723,1e-05,synthetic_analytical
0.013,88,8.331564644,1e-05,synthetic_analytical
0.014,88,8.932208317,1e-05,synthetic_analytical
0.015,88,9.524036979,1e-05,synthetic_analytical
0.016,88,10.10646657,1e-05,synthetic_analytical
0.017,88,10.67892229,1e-05,synthetic_analytical
0.018,88,11.24083921,1e-05,synthetic_analytical
0.019,88,11.79166277,1e-05,synthetic_analytical
0.02,88,12.33084939,1e-05,synthetic_analytical
0.021,88,12.85786695,1e-05,synthetic_analytical
0.022,88,13.37219535,1e-05,synthetic_analytical
0.023,88,13.873327,1e-05,synthetic_analytical
0.024,88,14.36076736,1e-05,synthetic_analytical
0.025,88,14.83403537,1e-05,synthetic_analytical
0.026,88,15.29266398,1e-05,synthetic_analytical
0.027,88,15.73620058,1e-05,synthetic_analytical
0.028,88,16.16420745,1e-05,synthetic_analytical
0.029,88,16.57626219,1e-05,synthetic_analytical
0.03,88,16.97195817,1e-05,synthetic_analytical
0.031,88,17.35090487,1e-05,synthetic_analytical
0.032,88,17.71272833,1e-05,synthetic_analytical
0.033,88,18.05707146,1e-05,synthetic_analytical
0.034,88,18.38359444,1e-05,synthetic_analytical
0.035,88,18.69197503,1e-05,synthetic_analytical
0.036,88,18.9819089,1e-05,synthetic_analytical
0.037,88,19.25310992,1e-05,synthetic_analytical
0.038,88,19.50531044,1e-05,synthetic_analytical
0.039,88,19.73826157,1e-05,synthetic_analytical
0.04,88,19.95173343,1e-05,synthetic_analytical
0.041,88,20.14551533,1e-05,synthetic_analytical
0.042,88,20.31941604,1e-05,synthetic_analytical
0.043,88,20.47326394,1e-05,synthetic_analytical
0.044,88,20.6069072,1e-05,synthetic_analytical
0.045,88,20.72021394,1e-05,synthetic_analytical
0.046,88,20.81307232,1e-05,synthetic_analytical
0.047,88,20.88539071,1e-05,synthetic_analytical
0.048,88,20.93709774,1e-05,synthetic_analytical
0.049,88,20.96814239,1e-05,synthetic_analytical
0.05,88,20.97849401,1e-05,synthetic_analytical
0.051,88,20.96814239,1e-05,synthetic_analytical
0.052,88,20.93709774,1e-05,synthetic_analytical
0.053,88,20.88539071,1e-05,synthetic_analytical
0.054,88,20.81307232,1e-05,synthetic_analytical
0.055,88,20.72021394,1e-05,synthetic_analytical
0.056,88,20.6069072,1e-05,synthetic_analytical
0.057,88,20.47326394,1e-05,synthetic_analytical
0.058,88,20.31941604,1e-05,synthetic_analytical
0.059,88,20.14551533,1e-05,synthetic_analytical
0.06,88,19.95173343,1e-05,synthetic_analytical
0.061,88,19.73826157,1e-05,synthetic_analytical
0.062,88,19.50531044,1e-05,synthetic_analytical
0.063,88,19.25310992,1e-05,synthetic_analytical
0.064,88,18.9819089,1e-05,synthetic_analytical
0.065,88,18.69197503,1e-05,synthetic_analytical
0.066,88,18.38359444,1e-05,synthetic_analytical
0.067,88,18.05707146,1e-05,synthetic_analytical
0.068,88,17.71272833,1e-05,synthetic_analytical
0.069,88,17.35090487,1e-05,synthetic_analytical
0.07,88,16.97195817,1e-05,synthetic_analytical
0.071,88,16.57626219,1e-05,synthetic_analytical
0.072,88,16.16420745,1e-05,synthetic_analytical
0.073,88,15.73620058,1e-05,synthetic_analytical
0.074,88,15.29266398,1e-05,synthetic_analytical
0.075,88,14.83403537,1e-05,synthetic_analytical
0.076,88,14.36076736,1e-05,synthetic_analytical
0.077,88,13.873327,1e-05,synthetic_analytical
0.078,88,13.37219535,1e-05,synthetic_analytical
0.079,88,12.85786695,1e-05,synthetic_analytical
0.08,88,12.33084939,1e-05,synthetic_analytical
0.081,88,11.79166277,1e-05,synthetic_analytical
0.082,88,11.24083921,1e-05,synthetic_analytical
0.083,88,10.67892229,1e-05,synthetic_analytical
0.084,88,10.10646657,1e-05,synthetic_analytical
0.085,88,9.524036979,1e-05,synthetic_analytical
0.086,88,8.932208317,1e-05,synthetic_analytical
0.087,88,8.331564644,1e-05,synthetic_analytical
0.088,88,7.722698723,1e-05,synthetic_analytical
0.089,88,7.10621143,1e-05,synthetic_analytical
0.09,88,6.482711165,1e-05,synthetic_analytical
0.091,88,5.852813246,1e-05,synthetic_analytical
0.092,88,5.217139308,1e-05,synthetic_analytical
0.093,88,4.576316683,1e-05,synthetic_analytical
0.094,88,3.930977785,1e-05,synthetic_analytical
0.095,88,3.281759488,1e-05,synthetic_analytical
0.096,88,2.629302489,1e-05,synthetic_analytical
0.097,88,1.974250687,1e-05,synthetic_analytical
0.098,88,1.317250538,1e-05,synthetic_analytical
0.099,88,0.6589504211,1e-05,synthetic_analytical
0.1,88,2.569124554e-15,1e-05,synthetic_analytical
0,92,0,1e-05,synthetic_analytical
0.001,92,0.6334429121,1e-05,synthetic_analytical
0.002,92,1.266260692,1e-05,synthetic_analytical
0.003,92,1.897828826,1e-05,synthetic_analytical
0.004,92,2.527524032,1e-05,synthetic_analytical
0.005,92,3.154724877,1e-05,synthetic_analytical
0.006,92,3.77881239,1e-05,synthetic_analytical
0.007,92,4.399170671,1e-05,synthetic_analytical
0.008,92,5.015187501,1e-05,synthetic_analytical
0.009,92,5.626254947,1e-05,synthetic_analytical
0.01,92,6.231769958,1e-05,synthetic_analytical
0.011,92,6.831134965,1e-05,synthetic_analytical
0.012,92,7.423758467,1e-05,synthetic_analytical
0.013,92,8.009055615,1e-05,synthetic_analytical
0.014,92,8.586448792,1e-05,synthetic_analytical
0.015,92,9.155368181,1e-05,synthetic_analytical
0.016,92,9.715252327,1e-05,synthetic_analytical
0.017,92,10.26554869,1e-05,synthetic_analytical
0.018,92,10.8057142,1e-05,synthetic_analytical
0.019,92,11.33521577,1e-05,synthetic_analytical
0.02,92,11.85353085,1e-05,synthetic_analytical
0.021,92,12.36014793,1e-05,synthetic_analytical
0.022,92,12.85456704,1e-05,synthetic_analytical
0.023,92,13.33630024,1e-05,synthetic_analytical
0.024,92,13.80487212,1e-05,synthetic_analytical
0.025,92,14.25982026,1e-05,synthetic_analytical
0.026,92,14.70069568,1e-05,synthetic_analytical
0.027,92,15.12706328,1e-05,synthetic_analytical
0.028,92,15.5385023,1e-05,synthetic_analytical
0.029,92,15.9346067,1e-05,synthetic_analytical
0.03,92,16.31498556,1e-05,synthetic_analytical
0.031,92,16.6792635,1e-05,synthetic_analytical
0.032,92,17.02708102,1e-05,synthetic_analytical
0.033,92,17.35809487,1e-05,synthetic_analytical
0.034,92,17.67197838,1e-05,synthetic_analytical
0.035,92,17.96842177,1e-05,synthetic_analytical
0.036,92,18.24713251,1e-05,synthetic_analytical
0.037,92,18.50783552,1e-05,synthetic_analytical
0.038,92,18.75027354,1e-05,synthetic_analytical
0.039,92,18.9742073,1e-05,synthetic_analytical
0.04,92,19.17941581,1e-05,synthetic_analytical
0.041,92,19.36569655,1e-05,synthetic_analytical
0.042,92,19.53286569,1e-05,synthetic_analytical
0.043,92,19.68075824,1e-05,synthetic_analytical
0.044,92,19.80922827,1e-05,synthetic_analytical
0.045,92,19.91814897,1e-05,synthetic_analytical
0.046,92,20.00741287,1e-05,synthetic_analytical
0.047,92,20.07693187,1e-05,synthetic_analytical
0.048,92,20.12663736,1e-05,synthetic_analytical
0.049,92,20.15648029,1e-05,synthetic_analytical
0.05,92,20.16643121,1e-05,synthetic_analytical
0.051,92,20.15648029,1e-05,synthetic_analytical
0.052,92,20.12663736,1e-05,synthetic_analytical
0.053,92,20.07693187,1e-05,synthetic_analytical
0.054,92,20.00741287,1e-05,synthetic_analytical
0.055,92,19.91814897,1e-05,synthetic_analytical
0.056,92,19.80922827,1e-05,synthetic_analytical
0.057,92,19.68075824,1e-05,synthetic_analytical
0.058,92,19.53286569,1e-05,synthetic_analytical
0.059,92,19.36569655,1e-05,synthetic_analytical
0.06,92,19.17941581,1e-05,synthetic_analytical
0.061,92,18.9742073,1e-05,synthetic_analytical
0.062,92,18.75027354,1e-05,synthetic_analytical
0.063,92,18.50783552,1e-05,synthetic_analytical
0.064,92,18.24713251,1e-05,synthetic_analytical
0.065,92,17.96842177,1e-05,synthetic_analytical
0.066,92,17.67197838,1e-05,synthetic_analytical
0.067,92,17.35809487,1e-05,synthetic_analytical
0.068,92,17.02708102,1e-05,synthetic_analytical
0.069,92,16.6792635,1e-05,synthetic_analytical
0.07,92,16.31498556,1e-05,synthetic_analytical
0.071,92,15.9346067,1e-05,synthetic_analytical
0.072,92,15.5385023,1e-05,synthetic_analytical
0.073,92,15.12706328,1e-05,synthetic_analytical
0.074,92,14.70069568,1e-05,synthetic_analytical
0.075,92,14.25982026,1e-05,synthetic_analytical
0.076,92,13.80487212,1e-05,synthetic_analytical
0.077,92,13.33630024,1e-05,synthetic_analytical
0.078,92,12.85456704,1e-05,synthetic_analytical
0.079,92,12.36014793,1e-05,synthetic_analytical
0.08,92,11.85353085,1e-05,synthetic_analytical
0.081,92,11.33521577,1e-05,synthetic_analytical
0.082,92,10.8057142,1e-05,synthetic_analytical
0.083,92,10.26554869,1e-05,synthetic_analytical
0.084,92,9.715252327,1e-05,synthetic_analytical
0.085,92,9.155368181,1e-05,synthetic_analytical
0.086,92,8.586448792,1e-05,synthetic_analytical
0.087,92,8.009055615,1e-05,synthetic_analytical
0.088,92,7.423758467,1e-05,synthetic_analytical
0.089,92,6.831134965,1e-05,synthetic_analytical
0.09,92,6.231769958,1e-05,synthetic_analytical
0.091,92,5.626254947,1e-05,synthetic_analytical
0.092,92,5.015187501,1e-05,synthetic_analytical
0.093,92,4.399170671,1e-05,synthetic_analytical
0.094,92,3.77881239,1e-05,synthetic_analytical
0.095,92,3.154724877,1e-05,synthetic_analytical
0.096,92,2.527524032,1e-05,synthetic_analytical
0.097,92,1.897828826,1e-05,synthetic_analytical
0.098,92,1.266260692,1e-05,synthetic_analytical
0.099,92,0.6334429121,1e-05,synthetic_analytical
0.1,92,2.469675543e-15,1e-05,synthetic_analytical
0,96,0,1e-05,synthetic_analytical
0.001,96,0.6089227808,1e-05,synthetic_analytical
0.002,96,1.217244628,1e-05,synthetic_analytical
0.003,96,1.824365202,1e-05,synthetic_analytical
0.004,96,2.429685348,1e-05,synthetic_analytical
0.005,96,3.032607688,1e-05,synthetic_analytical
0.006,96,3.63253721,1e-05,synthetic_analytical
0.007,96,4.228881856,1e-05,synthetic_analytical
0.008,96,4.821053107,1e-05,synthetic_analytical
0.009,96,5.40846656,1e-05,synthetic_analytical
0.01,96,5.99054251,1e-05,synthetic_analytical
0.011,96,6.566706517,1e-05,synthetic_analytical
0.012,96,7.136389978,1e-05,synthetic_analytical
0.013,96,7.699030684,1e-05,synthetic_analytical
0.014,96,8.254073376,1e-05,synthetic_analytical
0.015,96,8.800970294,1e-05,synthetic_analytical
0.016,96,9.339181717,1e-05,synthetic_analytical
0.017,96,9.868176495,1e-05,synthetic_analytical
0.018,96,10.38743257,1e-05,synthetic_analytical
0.019,96,10.89643751,1e-05,synthetic_analytical
0.02,96,11.39468898,1e-05,synthetic_analytical
0.021,96,11.88169527,1e-05,synthetic_analytical
0.022,96,12.35697576,1e-05,synthetic_analytical
0.023,96,12.8200614,1e-05,synthetic_analytical
0.024,96,13.27049519,1e-05,synthetic_analytical
0.025,96,13.70783261,1e-05,synthetic_analytical
0.026,96,14.13164205,1e-05,synthetic_analytical
0.027,96,14.54150526,1e-05,synthetic_analytical
0.028,96,14.93701777,1e-05,synthetic_analytical
0.029,96,15.31778924,1e-05,synthetic_analytical
0.03,96,15.6834439,1e-05,synthetic_analytical
0.031,96,16.0336209,1e-05,synthetic_analytical
0.032,96,16.36797465,1e-05,synthetic_analytical
0.033,96,16.68617518,1e-05,synthetic_analytical
0.034,96,16.98790848,1e-05,synthetic_analytical
0.035,96,17.27287676,1e-05,synthetic_analytical
0.036,96,17.54079879,1e-05,synthetic_analytical
0.037,96,17.79141018,1e-05,synthetic_analytical
0.038,96,18.02446359,1e-05,synthetic_analytical
0.039,96,18.23972903,1e-05,synthetic_analytical
0.04,96,18.43699406,1e-05,synthetic_analytical
0.041,96,18.61606401,1e-05,synthetic_analytical
0.042,96,18.77676214,1e-05,synthetic_analytical
0.043,96,18.91892988,1e-05,synthetic_analytical
0.044,96,19.04242692,1e-05,synthetic_analytical
0.045,96,19.14713138,1e-05,synthetic_analytical
0.046,96,19.23293994,1e-05,synthetic_analytical
0.047,96,19.29976791,1e-05,synthetic_analytical
0.048,96,19.34754933,1e-05,synthetic_analytical
0.049,96,19.37623706,1e-05,synthetic_analytical
0.05,96,19.38580278,1e-05,synthetic_analytical
0.051,96,19.37623706,1e-05,synthetic_analytical
0.052,96,19.34754933,1e-05,synthetic_analytical
0.053,96,19.29976791,1e-05,synthetic_analytical
0.054,96,19.23293994,1e-05,synthetic_analytical
0.055,96,19.14713138,1e-05,synthetic_analytical
0.056,96,19.04242692,1e-05,synthetic_analytical
0.057,96,18.91892988,1e-05,synthetic_analytical
0.058,96,18.77676214,1e-05,synthetic_analytical
0.059,96,18.61606401,1e-05,synthetic_analytical
0.06,96,18.43699406,1e-05,synthetic_analytical
0.061,96,18.23972903,1e-05,synthetic_analytical
0.062,96,18.02446359,1e-05,synthetic_analytical
0.063,96,17.79141018,1e-05,synthetic_analytical
0.064,96,17.54079879,1e-05,synthetic_analytical
0.065,96,17.27287676,1e-05,synthetic_analytical
0.066,96,16.98790848,1e-05,synthetic_analytical
0.067,96,16.68617518,1e-05,synthetic_analytical
0.068,96,16.36797465,1e-05,synthetic_analytical
0.069,96,16.0336209,1e-05,synthetic_analytical
0.07,96,15.6834439,1e-05,synthetic_analytical
0.071,96,15.31778924,1e-05,synthetic_analytical
0.072,96,14.93701777,1e-05,synthetic_analytical
0.073,96,14.54150526,1e-05,synthetic_analytical
0.074,96,14.13164205,1e-05,synthetic_analytical
0.075,96,13.70783261,1e-05,synthetic_analytical
0.076,96,13.27049519,1e-05,synthetic_analytical
0.077,96,12.8200614,1e-05,synthetic_analytical
0.078,96,12.35697576,1e-05,synthetic_analytical
0.079,96,11.88169527,1e-05,synthetic_analytical
0.08,96,11.39468898,1e-05,synthetic_analytical
0.081,96,10.89643751,1e-05,synthetic_analytical
0.082,96,10.38743257,1e-05,synthetic_analytical
0.083,96,9.868176495,1e-05,synthetic_analytical
0.084,96,9.339181717,1e-05,synthetic_analytical
0.085,96,8.800970294,1e-05,synthetic_analytical
0.086,96,8.254073376,1e-05,synthetic_analytical
0.087,96,7.699030684,1e-05,synthetic_analytical
0.088,96,7.136389978,1e-05,synthetic_analytical
0.089,96,6.566706517,1e-05,synthetic_analytical
0.09,96,5.99054251,1e-05,synthetic_analytical
0.091,96,5.40846656,1e-05,synthetic_analytical
0.092,96,4.821053107,1e-05,synthetic_analytical
0.093,96,4.228881856,1e-05,synthetic_analytical
0.094,96,3.63253721,1e-05,synthetic_analytical
0.095,96,3.032607688,1e-05,synthetic_analytical
0.096,96,2.429685348,1e-05,synthetic_analytical
0.097,96,1.824365202,1e-05,synthetic_analytical
0.098,96,1.217244628,1e-05,synthetic_analytical
0.099,96,0.6089227808,1e-05,synthetic_analytical
0.1,96,2.374076133e-15,1e-05,synthetic_analytical
0,100,0,1e-05,synthetic_analytical
0.001,100,0.5853518066,1e-05,synthetic_analytical
0.002,100,1.170125942,1e-05,synthetic_analytical
0.003,100,1.753745304,1e-05,synthetic_analytical
0.004,100,2.335633931,1e-05,synthetic_analytical
0.005,100,2.915217569,1e-05,synthetic_analytical
0.006,100,3.49192424,1e-05,synthetic_analytical
0.007,100,4.065184803,1e-05,synthetic_analytical
0.008,100,4.634433519,1e-05,synthetic_analytical
0.009,100,5.19910861,1e-05,synthetic_analytical
0.01,100,5.758652807,1e-05,synthetic_analytical
0.011,100,6.31251391,1e-05,synthetic_analytical
0.012,100,6.860145323,1e-05,synthetic_analytical
0.013,100,7.401006601,1e-05,synthetic_analytical
0.014,100,7.934563979,1e-05,synthetic_analytical
0.015,100,8.460290901,1e-05,synthetic_analytical
0.016,100,8.977668537,1e-05,synthetic_analytical
0.017,100,9.486186298,1e-05,synthetic_analytical
0.018,100,9.985342338,1e-05,synthetic_analytical
0.019,100,10.47464405,1e-05,synthetic_analytical
0.02,100,10.95360855,1e-05,synthetic_analytical
0.021,100,11.42176317,1e-05,synthetic_analytical
0.022,100,11.87864588,1e-05,synthetic_analytical
0.023,100,12.32380581,1e-05,synthetic_analytical
0.024,100,12.75680362,1e-05,synthetic_analytical
0.025,100,13.17721201,1e-05,synthetic_analytical
0.026,100,13.58461609,1e-05,synthetic_analytical
0.027,100,13.97861378,1e-05,synthetic_analytical
0.028,100,14.35881628,1e-05,synthetic_analytical
0.029,100,14.72484835,1e-05,synthetic_analytical
0.03,100,15.07634878,1e-05,synthetic_analytical
0.031,100,15.41297067,1e-05,synthetic_analytical
0.032,100,15.73438182,1e-05,synthetic_analytical
0.033,100,16.04026503,1e-05,synthetic_analytical
0.034,100,16.33031844,1e-05,synthetic_analytical
0.035,100,16.6042558,1e-05,synthetic_analytical
0.036,100,16.86180676,1e-05,synthetic_analytical
0.037,100,17.10271716,1e-05,synthetic_analytical
0.038,100,17.32674923,1e-05,synthetic_analytical
0.039,100,17.5336819,1e-05,synthetic_analytical
0.04,100,17.72331094,1e-05,synthetic_analytical
0.041,100,17.89544921,1e-05,synthetic_analytical
0.042,100,18.04992684,1e-05,synthetic_analytical
0.043,100,18.18659136,1e-05,synthetic_analytical
0.044,100,18.30530792,1e-05,synthetic_analytical
0.045,100,18.40595934,1e-05,synthetic_analytical
0.046,100,18.48844631,1e-05,synthetic_analytical
0.047,100,18.55268741,1e-05,synthetic_analytical
0.048,100,18.59861925,1e-05,synthetic_analytical
0.049,100,18.6261965,1e-05,synthetic_analytical
0.05,100,18.63539194,1e-05,synthetic_analytical
0.051,100,18.6261965,1e-05,synthetic_analytical
0.052,100,18.59861925,1e-05,synthetic_analytical
0.053,100,18.55268741,1e-05,synthetic_analytical
0.054,100,18.48844631,1e-05,synthetic_analytical
0.055,100,18.40595934,1e-05,synthetic_analytical
0.056,100,18.30530792,1e-05,synthetic_analytical
0.057,100,18.18659136,1e-05,synthetic_analytical
0.058,100,18.04992684,1e-05,synthetic_analytical
0.059,100,17.89544921,1e-05,synthetic_analytical
0.06,100,17.72331094,1e-05,synthetic_analytical
0.061,100,17.5336819,1e-05,synthetic_analytical
0.062,100,17.32674923,1e-05,synthetic_analytical
0.063,100,17.10271716,1e-05,synthetic_analytical
0.064,100,16.86180676,1e-05,synthetic_analytical
0.065,100,16.6042558,1e-05,synthetic_analytical
0.066,100,16.33031844,1e-05,synthetic_analytical
0.067,100,16.04026503,1e-05,synthetic_analytical
0.068,100,15.73438182,1e-05,synthetic_analytical
0.069,100,15.41297067,1e-05,synthetic_analytical
0.07,100,15.07634878,1e-05,synthetic_analytical
0.071,100,14.72484835,1e-05,synthetic_analytical
0.072,100,14.35881628,1e-05,synthetic_analytical
0.073,100,13.97861378,1e-05,synthetic_analytical
0.074,100,13.58461609,1e-05,synthetic_analytical
0.075,100,13.17721201,1e-05,synthetic_analytical
0.076,100,12.75680362,1e-05,synthetic_analytical
0.077,100,12.32380581,1e-05,synthetic_analytical
0.078,100,11.87864588,1e-05,synthetic_analytical
0.079,100,11.42176317,1e-05,synthetic_analytical
0.08,100,10.95360855,1e-05,synthetic_analytical
0.081,100,10.47464405,1e-05,synthetic_analytical
0.082,100,9.985342338,1e-05,synthetic_analytical
0.083,100,9.486186298,1e-05,synthetic_analytical
0.084,100,8.977668537,1e-05,synthetic_analytical
0.085,100,8.460290901,1e-05,synthetic_analytical
0.086,100,7.934563979,1e-05,synthetic_analytical
0.087,100,7.401006601,1e-05,synthetic_analytical
0.088,100,6.860145323,1e-05,synthetic_analytical
0.089,100,6.31251391,1e-05,synthetic_analytical
0.09,100,5.758652807,1e-05,synthetic_analytical
0.091,100,5.19910861,1e-05,synthetic_analytical
0.092,100,4.634433519,1e-05,synthetic_analytical
0.093,100,4.065184803,1e-05,synthetic_analytical
0.094,100,3.49192424,1e-05,synthetic_analytical
0.095,100,2.915217569,1e-05,synthetic_analytical
0.096,100,2.335633931,1e-05,synthetic_analytical
0.097,100,1.753745304,1e-05,synthetic_analytical
0.098,100,1.170125942,1e-05,synthetic_analytical
0.099,100,0.5853518066,1e-05,synthetic_analytical
0.1,100,2.282177309e-15,1e-05,synthetic_analytical
0,104,0,1e-05,synthetic_analytical
0.001,104,0.5626932484,1e-05,synthetic_analytical
0.002,104,1.124831186,1e-05,synthetic_analytical
0.003,104,1.685859052,1e-05,synthetic_analytical
0.004,104,2.245223178,1e-05,synthetic_analytical
0.005,104,2.80237154,1e-05,synthetic_analytical
0.006,104,3.3567543,1e-05,synthetic_analytical
0.007,104,3.907824348,1e-05,synthetic_analytical
0.008,104,4.455037845,1e-05,synthetic_analytical
0.009,104,4.997854758,1e-05,synthetic_analytical
0.01,104,5.535739392,1e-05,synthetic_analytical
0.011,104,6.068160919,1e-05,synthetic_analytical
0.012,104,6.594593905,1e-05,synthetic_analytical
0.013,104,7.114518822,1e-05,synthetic_analytical
0.014,104,7.627422568,1e-05,synthetic_analytical
0.015,104,8.132798968,1e-05,synthetic_analytical
0.016,104,8.630149279,1e-05,synthetic_analytical
0.017,104,9.118982673,1e-05,synthetic_analytical
0.018,104,9.598816733,1e-05,synthetic_analytical
0.019,104,10.06917792,1e-05,synthetic_analytical
0.02,104,10.52960204,1e-05,synthetic_analytical
0.021,104,10.97963472,1e-05,synthetic_analytical
0.022,104,11.41883182,1e-05,synthetic_analytical
0.023,104,11.84675992,1e-05,synthetic_analytical
0.024,104,12.26299669,1e-05,synthetic_analytical
0.025,104,12.66713137,1e-05,synthetic_analytical
0.026,104,13.05876512,1e-05,synthetic_analytical
0.027,104,13.43751144,1e-05,synthetic_analytical
0.028,104,13.80299656,1e-05,synthetic_analytical
0.029,104,14.15485979,1e-05,synthetic_analytical
0.03,104,14.49275388,1e-05,synthetic_analytical
0.031,104,14.81634538,1e-05,synthetic_analytical
0.032,104,15.12531493,1e-05,synthetic_analytical
0.033,104,15.41935762,1e-05,synthetic_analytical
0.034,104,15.69818326,1e-05,synthetic_analytical
0.035,104,15.96151669,1e-05,synthetic_analytical
0.036,104,16.20909804,1e-05,synthetic_analytical
0.037,104,16.44068296,1e-05,synthetic_analytical
0.038,104,16.65604291,1e-05,synthetic_analytical
0.039,104,16.85496536,1e-05,synthetic_analytical
0.04,104,17.03725399,1e-05,synthetic_analytical
0.041,104,17.20272891,1e-05,synthetic_analytical
0.042,104,17.35122682,1e-05,synthetic_analytical
0.043,104,17.48260115,1e-05,synthetic_analytical
0.044,104,17.59672228,1e-05,synthetic_analytical
0.045,104,17.69347756,1e-05,synthetic_analytical
0.046,104,17.77277151,1e-05,synthetic_analytical
0.047,104,17.83452588,1e-05,synthetic_analytical
0.048,104,17.87867973,1e-05,synthetic_analytical
0.049,104,17.90518949,1e-05,synthetic_analytical
0.05,104,17.91402898,1e-05,synthetic_analytical
0.051,104,17.90518949,1e-05,synthetic_analytical
0.052,104,17.87867973,1e-05,synthetic_analytical
0.053,104,17.83452588,1e-05,synthetic_analytical
0.054,104,17.77277151,1e-05,synthetic_analytical
0.055,104,17.69347756,1e-05,synthetic_analytical
0.056,104,17.59672228,1e-05,synthetic_analytical
0.057,104,17.48260115,1e-05,synthetic_analytical
0.058,104,17.35122682,1e-05,synthetic_analytical
0.059,104,17.20272891,1e-05,synthetic_analytical
0.06,104,17.03725399,1e-05,synthetic_analytical
0.061,104,16.85496536,1e-05,synthetic_analytical
0.062,104,16.65604291,1e-05,synthetic_analytical
0.063,104,16.44068296,1e-05,synthetic_analytical
0.064,104,16.20909804,1e-05,synthetic_analytical
0.065,104,15.96151669,1e-05,synthetic_analytical
0.066,104,15.69818326,1e-05,synthetic_analytical
0.067,104,15.41935762,1e-05,synthetic_analytical
0.068,104,15.12531493,1e-05,synthetic_analytical
0.069,104,14.81634538,1e-05,synthetic_analytical
0.07,104,14.49275388,1e-05,synthetic_analytical
0.071,104,14.15485979,1e-05,synthetic_analytical
0.072,104,13.80299656,1e-05,synthetic_analytical
0.073,104,13.43751144,1e-05,synthetic_analytical
0.074,104,13.05876512,1e-05,synthetic_analytical
0.075,104,12.66713137,1e-05,synthetic_analytical
0.076,104,12.26299669,1e-05,synthetic_analytical
0.077,104,11.84675992,1e-05,synthetic_analytical
0.078,104,11.41883182,1e-05,synthetic_analytical
0.079,104,10.97963472,1e-05,synthetic_analytical
0.08,104,10.52960204,1e-05,synthetic_analytical
0.081,104,10.06917792,1e-05,synthetic_analytical
0.082,104,9.598816733,1e-05,synthetic_analytical
0.083,104,9.118982673,1e-05,synthetic_analytical
0.084,104,8.630149279,1e-05,synthetic_analytical
0.085,104,8.132798968,1e-05,synthetic_analytical
0.086,104,7.627422568,1e-05,synthetic_analytical
0.087,104,7.114518822,1e-05,synthetic_analytical
0.088,104,6.594593905,1e-05,synthetic_analytical
0.089,104,6.068160919,1e-05,synthetic_analytical
0.09,104,5.535739392,1e-05,synthetic_analytical
0.091,104,4.997854758,1e-05,synthetic_analytical
0.092,104,4.455037845,1e-05,synthetic_analytical
0.093,104,3.907824348,1e-05,synthetic_analytical
0.094,104,3.3567543,1e-05,synthetic_analytical
0.095,104,2.80237154,1e-05,synthetic_analytical
0.096,104,2.245223178,1e-05,synthetic_analytical
0.097,104,1.685859052,1e-05,synthetic_analytical
0.098,104,1.124831186,1e-05,synthetic_analytical
0.099,104,0.5626932484,1e-05,synthetic_analytical
0.1,104,2.193835825e-15,1e-05,synthetic_analytical
0,108,0,1e-05,synthetic_analytical
0.001,108,0.540911787,1e-05,synthetic_analytical
0.002,108,1.081289759,1e-05,synthetic_analytical
0.003,108,1.620600629,1e-05,synthetic_analytical
0.004,108,2.158312162,1e-05,synthetic_analytical
0.005,108,2.693893701,1e-05,synthetic_analytical
0.006,108,3.226816693,1e-05,synthetic_analytical
0.007,108,3.756555206,1e-05,synthetic_analytical
0.008,108,4.282586452,1e-05,synthetic_analytical
0.009,108,4.804391303,1e-05,synthetic_analytical
0.01,108,5.321454799,1e-05,synthetic_analytical
0.011,108,5.833266662,1e-05,synthetic_analytical
0.012,108,6.339321796,1e-05,synthetic_analytical
0.013,108,6.839120783,1e-05,synthetic_analytical
0.014,108,7.332170385,1e-05,synthetic_analytical
0.015,108,7.817984019,1e-05,synthetic_analytical
0.016,108,8.296082247,1e-05,synthetic_analytical
0.017,108,8.765993244,1e-05,synthetic_analytical
0.018,108,9.227253263,1e-05,synthetic_analytical
0.019,108,9.679407098,1e-05,synthetic_analytical
0.02,108,10.12200853,1e-05,synthetic_analytical
0.021,108,10.55462075,1e-05,synthetic_analytical
0.022,108,10.97681685,1e-05,synthetic_analytical
0.023,108,11.38818014,1e-05,synthetic_analytical
0.024,108,11.78830468,1e-05,synthetic_analytical
0.025,108,12.17679559,1e-05,synthetic_analytical
0.026,108,12.55326947,1e-05,synthetic_analytical
0.027,108,12.91735479,1e-05,synthetic_analytical
0.028,108,13.26869223,1e-05,synthetic_analytical
0.029,108,13.60693509,1e-05,synthetic_analytical
0.03,108,13.93174953,1e-05,synthetic_analytical
0.031,108,14.24281503,1e-05,synthetic_analytical
0.032,108,14.53982458,1e-05,synthetic_analytical
0.033,108,14.82248509,1e-05,synthetic_analytical
0.034,108,15.09051759,1e-05,synthetic_analytical
0.035,108,15.34365757,1e-05,synthetic_analytical
0.036,108,15.58165521,1e-05,synthetic_analytical
0.037,108,15.80427564,1e-05,synthetic_analytical
0.038,108,16.01129916,1e-05,synthetic_analytical
0.039,108,16.20252146,1e-05,synthetic_analytical
0.04,108,16.37775383,1e-05,synthetic_analytical
0.041,108,16.53682333,1e-05,synthetic_analytical
0.042,108,16.67957299,1e-05,synthetic_analytical
0.043,108,16.80586191,1e-05,synthetic_analytical
0.044,108,16.91556549,1e-05,synthetic_analytical
0.045,108,17.00857544,1e-05,synthetic_analytical
0.046,108,17.08479998,1e-05,synthetic_analytical
0.047,108,17.14416388,1e-05,synthetic_analytical
0.048,108,17.18660857,1e-05,synthetic_analytical
0.049,108,17.21209215,1e-05,synthetic_analytical
0.05,108,17.22058947,1e-05,synthetic_analytical
0.051,108,17.21209215,1e-05,synthetic_analytical
0.052,108,17.18660857,1e-05,synthetic_analytical
0.053,108,17.14416388,1e-05,synthetic_analytical
0.054,108,17.08479998,1e-05,synthetic_analytical
0.055,108,17.00857544,1e-05,synthetic_analytical
0.056,108,16.91556549,1e-05,synthetic_analytical
0.057,108,16.80586191,1e-05,synthetic_analytical
0.058,108,16.67957299,1e-05,synthetic_analytical
0.059,108,16.53682333,1e-05,synthetic_analytical
0.06,108,16.37775383,1e-05,synthetic_analytical
0.061,108,16.20252146,1e-05,synthetic_analytical
0.062,108,16.01129916,1e-05,synthetic_analytical
0.063,108,15.80427564,1e-05,synthetic_analytical
0.064,108,15.58165521,1e-05,synthetic_analytical
0.065,108,15.34365757,1e-05,synthetic_analytical
0.066,108,15.09051759,1e-05,synthetic_analytical
0.067,108,14.82248509,1e-05,synthetic_analytical
0.068,108,14.53982458,1e-05,synthetic_analytical
0.069,108,14.24281503,1e-05,synthetic_analytical
0.07,108,13.93174953,1e-05,synthetic_analytical
0.071,108,13.60693509,1e-05,synthetic_analytical
0.072,108,13.26869223,1e-05,synthetic_analytical
0.073,108,12.91735479,1e-05,synthetic_analytical
0.074,108,12.55326947,1e-05,synthetic_analytical
0.075,108,12.17679559,1e-05,synthetic_analytical
0.076,108,11.78830468,1e-05,synthetic_analytical
0.077,108,11.38818014,1e-05,synthetic_analytical
0.078,108,10.97681685,1e-05,synthetic_analytical
0.079,108,10.55462075,1e-05,synthetic_analytical
0.08,108,10.12200853,1e-05,synthetic_analytical
0.081,108,9.679407098,1e-05,synthetic_analytical
0.082,108,9.227253263,1e-05,synthetic_analytical
0.083,108,8.765993244,1e-05,synthetic_analytical
0.084,108,8.296082247,1e-05,synthetic_analytical
0.085,108,7.817984019,1e-05,synthetic_analytical
0.086,108,7.332170385,1e-05,synthetic_analytical
0.087,108,6.839120783,1e-05,synthetic_analytical
0.088,108,6.339321796,1e-05,synthetic_analytical
0.089,108,5.833266662,1e-05,synthetic_analytical
0.09,108,5.321454799,1e-05,synthetic_analytical
0.091,108,4.804391303,1e-05,synthetic_analytical
0.092,108,4.282586452,1e-05,synthetic_analytical
0.093,108,3.756555206,1e-05,synthetic_analytical
0.094,108,3.226816693,1e-05,synthetic_analytical
0.095,108,2.693893701,1e-05,synthetic_analytical
0.096,108,2.158312162,1e-05,synthetic_analytical
0.097,108,1.620600629,1e-05,synthetic_analytical
0.098,108,1.081289759,1e-05,synthetic_analytical
0.099,108,0.540911787,1e-05,synthetic_analytical
0.1,108,2.108913977e-15,1e-05,synthetic_analytical
0,112,0,1e-05,synthetic_analytical
0.001,112,0.5199734708,1e-05,synthetic_analytical
0.002,112,1.039433791,1e-05,synthetic_analytical
0.003,112,1.557868315,1e-05,synthetic_analytical
0.004,112,2.074765411,1e-05,synthetic_analytical
0.005,112,2.589614964,1e-05,synthetic_analytical
0.006,112,3.10190888,1e-05,synthetic_analytical
0.007,112,3.611141586,1e-05,synthetic_analytical
0.008,112,4.116810532,1e-05,synthetic_analytical
0.009,112,4.618416682,1e-05,synthetic_analytical
0.01,112,5.115465013,1e-05,synthetic_analytical
0.011,112,5.607464997,1e-05,synthetic_analytical
0.012,112,6.093931091,1e-05,synthetic_analytical
0.013,112,6.57438321,1e-05,synthetic_analytical
0.014,112,7.048347207,1e-05,synthetic_analytical
0.015,112,7.515355336,1e-05,synthetic_analytical
0.016,112,7.974946717,1e-05,synthetic_analytical
0.017,112,8.426667788,1e-05,synthetic_analytical
0.018,112,8.870072755,1e-05,synthetic_analytical
0.019,112,9.304724032,1e-05,synthetic_analytical
0.02,112,9.730192669,1e-05,synthetic_analytical
0.021,112,10.14605878,1e-05,synthetic_analytical
0.022,112,10.55191196,1e-05,synthetic_analytical
0.023,112,10.94735167,1e-05,synthetic_analytical
0.024,112,11.33198767,1e-05,synthetic_analytical
0.025,112,11.70544037,1e-05,synthetic_analytical
0.026,112,12.0673412,1e-05,synthetic_analytical
0.027,112,12.41733303,1e-05,synthetic_analytical
0.028,112,12.75507046,1e-05,synthetic_analytical
0.029,112,13.08022016,1e-05,synthetic_analytical
0.03,112,13.39246127,1e-05,synthetic_analytical
0.031,112,13.69148564,1e-05,synthetic_analytical
0.032,112,13.97699816,1e-05,synthetic_analytical
0.033,112,14.24871708,1e-05,synthetic_analytical
0.034,112,14.50637423,1e-05,synthetic_analytical
0.035,112,14.74971534,1e-05,synthetic_analytical
0.036,112,14.97850026,1e-05,synthetic_analytical
0.037,112,15.19250321,1e-05,synthetic_analytical
0.038,112,15.39151299,1e-05,synthetic_analytical
0.039,112,15.57533321,1e-05,synthetic_analytical
0.04,112,15.74378246,1e-05,synthetic_analytical
0.041,112,15.89669449,1e-05,synthetic_analytical
0.042,112,16.0339184,1e-05,synthetic_analytical
0.043,112,16.15531878,1e-05,synthetic_analytical
0.044,112,16.2607758,1e-05,synthetic_analytical
0.045,112,16.3501854,1e-05,synthetic_analytical
0.046,112,16.42345934,1e-05,synthetic_analytical
0.047,112,16.48052531,1e-05,synthetic_analytical
0.048,112,16.521327,1e-05,synthetic_analytical
0.049,112,16.54582412,1e-05,synthetic_analytical
0.05,112,16.55399252,1e-05,synthetic_analytical
0.051,112,16.54582412,1e-05,synthetic_analytical
0.052,112,16.521327,1e-05,synthetic_analytical
0.053,112,16.48052531,1e-05,synthetic_analytical
0.054,112,16.42345934,1e-05,synthetic_analytical
0.055,112,16.3501854,1e-05,synthetic_analytical
0.056,112,16.2607758,1e-05,synthetic_analytical
0.057,112,16.15531878,1e-05,synthetic_analytical
0.058,112,16.0339184,1e-05,synthetic_analytical
0.059,112,15.89669449,1e-05,synthetic_analytical
0.06,112,15.74378246,1e-05,synthetic_analytical
0.061,112,15.57533321,1e-05,synthetic_analytical
0.062,112,15.39151299,1e-05,synthetic_analytical
0.063,112,15.19250321,1e-05,synthetic_analytical
0.064,112,14.97850026,1e-05,synthetic_analytical
0.065,112,14.74971534,1e-05,synthetic_analytical
0.066,112,14.50637423,1e-05,synthetic_analytical
0.067,112,14.24871708,1e-05,synthetic_analytical
0.068,112,13.97699816,1e-05,synthetic_analytical
0.069,112,13.69148564,1e-05,synthetic_analytical
0.07,112,13.39246127,1e-05,synthetic_analytical
0.071,112,13.08022016,1e-05,synthetic_analytical
0.072,112,12.75507046,1e-05,synthetic_analytical
0.073,112,12.41733303,1e-05,synthetic_analytical
0.074,112,12.0673412,1e-05,synthetic_analytical
0.075,112,11.70544037,1e-05,synthetic_analytical
0.076,112,11.33198767,1e-05,synthetic_analytical
0.077,112,10.94735167,1e-05,synthetic_analytical
0.078,112,10.55191196,1e-05,synthetic_analytical
0.079,112,10.14605878,1e-05,synthetic_analytical
0.08,112,9.730192669,1e-05,synthetic_analytical
0.081,112,9.304724032,1e-05,synthetic_analytical
0.082,112,8.870072755,1e-05,synthetic_analytical
0.083,112,8.426667788,1e-05,synthetic_analytical
0.084,112,7.974946717,1e-05,synthetic_analytical
0.085,112,7.515355336,1e-05,synthetic_analytical
0.086,112,7.048347207,1e-05,synthetic_analytical
0.087,112,6.57438321,1e-05,synthetic_analytical
0.088,112,6.093931091,1e-05,synthetic_analytical
0.089,112,5.607464997,1e-05,synthetic_analytical
0.09,112,5.115465013,1e-05,synthetic_analytical
0.091,112,4.618416682,1e-05,synthetic_analytical
0.092,112,4.116810532,1e-05,synthetic_analytical
0.093,112,3.611141586,1e-05,synthetic_analytical
0.094,112,3.10190888,1e-05,synthetic_analytical
0.095,112,2.589614964,1e-05,synthetic_analytical
0.096,112,2.074765411,1e-05,synthetic_analytical
0.097,112,1.557868315,1e-05,synthetic_analytical
0.098,112,1.039433791,1e-05,synthetic_analytical
0.099,112,0.5199734708,1e-05,synthetic_analytical
0.1,112,2.027279395e-15,1e-05,synthetic_analytical
0,116,0,1e-05,synthetic_analytical
0.001,116,0.4998456621,1e-05,synthetic_analytical
0.002,116,0.9991980368,1e-05,synthetic_analytical
0.003,116,1.497564324,1e-05,synthetic_analytical
0.004,116,1.994452696,1e-05,synthetic_analytical
0.005,116,2.489372783,1e-05,synthetic_analytical
0.006,116,2.981836161,1e-05,synthetic_analytical
0.007,116,3.471356826,1e-05,synthetic_analytical
0.008,116,3.957451681,1e-05,synthetic_analytical
0.009,116,4.439641009,1e-05,synthetic_analytical
0.01,116,4.917448947,1e-05,synthetic_analytical
0.011,116,5.390403957,1e-05,synthetic_analytical
0.012,116,5.858039289,1e-05,synthetic_analytical
0.013,116,6.319893443,1e-05,synthetic_analytical
0.014,116,6.775510626,1e-05,synthetic_analytical
0.015,116,7.224441197,1e-05,synthetic_analytical
0.016,116,7.666242118,1e-05,synthetic_analytical
0.017,116,8.100477383,1e-05,synthetic_analytical
0.018,116,8.526718454,1e-05,synthetic_analytical
0.019,116,8.944544684,1e-05,synthetic_analytical
0.02,116,9.353543729,1e-05,synthetic_analytical
0.021,116,9.753311955,1e-05,synthetic_analytical
0.022,116,10.14345484,1e-05,synthetic_analytical
0.023,116,10.52358736,1e-05,synthetic_analytical
0.024,116,10.89333437,1e-05,synthetic_analytical
0.025,116,11.25233097,1e-05,synthetic_analytical
0.026,116,11.60022288,1e-05,synthetic_analytical
0.027,116,11.93666677,1e-05,synthetic_analytical
0.028,116,12.26133062,1e-05,synthetic_analytical
0.029,116,12.57389401,1e-05,synthetic_analytical
0.03,116,12.87404848,1e-05,synthetic_analytical
0.031,116,13.16149782,1e-05,synthetic_analytical
0.032,116,13.43595836,1e-05,synthetic_analytical
0.033,116,13.69715922,1e-05,synthetic_analytical
0.034,116,13.94484264,1e-05,synthetic_analytical
0.035,116,14.17876419,1e-05,synthetic_analytical
0.036,116,14.39869301,1e-05,synthetic_analytical
0.037,116,14.60441205,1e-05,synthetic_analytical
0.038,116,14.79571831,1e-05,synthetic_analytical
0.039,116,14.97242298,1e-05,synthetic_analytical
0.04,116,15.13435167,1e-05,synthetic_analytical
0.041,116,15.28134458,1e-05,synthetic_analytical
0.042,116,15.41325666,1e-05,synthetic_analytical
0.043,116,15.52995771,1e-05,synthetic_analytical
0.044,116,15.63133256,1e-05,synthetic_analytical
0.045,116,15.71728118,1e-05,synthetic_analytical
0.046,116,15.78771874,1e-05,synthetic_analytical
0.047,116,15.84257573,1e-05,synthetic_analytical
0.048,116,15.881798,1e-05,synthetic_analytical
0.049,116,15.90534686,1e-05,synthetic_analytical
0.05,116,15.91319907,1e-05,synthetic_analytical
0.051,116,15.90534686,1e-05,synthetic_analytical
0.052,116,15.881798,1e-05,synthetic_analytical
0.053,116,15.84257573,1e-05,synthetic_analytical
0.054,116,15.78771874,1e-05,synthetic_analytical
0.055,116,15.71728118,1e-05,synthetic_analytical
0.056,116,15.63133256,1e-05,synthetic_analytical
0.057,116,15.52995771,1e-05,synthetic_analytical
0.058,116,15.41325666,1e-05,synthetic_analytical
0.059,116,15.28134458,1e-05,synthetic_analytical
0.06,116,15.13435167,1e-05,synthetic_analytical
0.061,116,14.97242298,1e-05,synthetic_analytical
0.062,116,14.79571831,1e-05,synthetic_analytical
0.063,116,14.60441205,1e-05,synthetic_analytical
0.064,116,14.39869301,1e-05,synthetic_analytical
0.065,116,14.17876419,1e-05,synthetic_analytical
0.066,116,13.94484264,1e-05,synthetic_analytical
0.067,116,13.69715922,1e-05,synthetic_analytical
0.068,116,13.43595836,1e-05,synthetic_analytical
0.069,116,13.16149782,1e-05,synthetic_analytical
0.07,116,12.87404848,1e-05,synthetic_analytical
0.071,116,12.57389401,1e-05,synthetic_analytical
0.072,116,12.26133062,1e-05,synthetic_analytical
0.073,116,11.93666677,1e-05,synthetic_analytical
0.074,116,11.60022288,1e-05,synthetic_analytical
0.075,116,11.25233097,1e-05,synthetic_analytical
0.076,116,10.89333437,1e-05,synthetic_analytical
0.077,116,10.52358736,1e-05,synthetic_analytical
0.078,116,10.14345484,1e-05,synthetic_analytical
0.079,116,9.753311955,1e-05,synthetic_analytical
0.08,116,9.353543729,1e-05,synthetic_analytical
0.081,116,8.944544684,1e-05,synthetic_analytical
0.082,116,8.526718454,1e-05,synthetic_analytical
0.083,116,8.100477383,1e-05,synthetic_analytical
0.084,116,7.666242118,1e-05,synthetic_analytical
0.085,116,7.224441197,1e-05,synthetic_analytical
0.086,116,6.775510626,1e-05,synthetic_analytical
0.087,116,6.319893443,1e-05,synthetic_analytical
0.088,116,5.858039289,1e-05,synthetic_analytical
0.089,116,5.390403957,1e-05,synthetic_analytical
0.09,116,4.917448947,1e-05,synthetic_analytical
0.091,116,4.439641009,1e-05,synthetic_analytical
0.092,116,3.957451681,1e-05,synthetic_analytical
0.093,116,3.471356826,1e-05,synthetic_analytical
0.094,116,2.981836161,1e-05,synthetic_analytical
0.095,116,2.489372783,1e-05,synthetic_analytical
0.096,116,1.994452696,1e-05,synthetic_analytical
0.097,116,1.497564324,1e-05,synthetic_analytical
0.098,116,0.9991980368,1e-05,synthetic_analytical
0.099,116,0.4998456621,1e-05,synthetic_analytical
0.1,116,1.94880483e-15,1e-05,synthetic_analytical
0,120,0,1e-05,synthetic_analytical
0.001,120,0.4804969868,1e-05,synthetic_analytical
0.002,120,0.960519781,1e-05,synthetic_analytical
0.003,120,1.439594658,1e-05,synthetic_analytical
0.004,120,1.917248829,1e-05,synthetic_analytical
0.005,120,2.393010907,1e-05,synthetic_analytical
0.006,120,2.866411372,1e-05,synthetic_analytical
0.007,120,3.336983035,1e-05,synthetic_analytical
0.008,120,3.804261499,1e-05,synthetic_analytical
0.009,120,4.267785616,1e-05,synthetic_analytical
0.01,120,4.727097944,1e-05,synthetic_analytical
0.011,120,5.181745197,1e-05,synthetic_analytical
0.012,120,5.631278693,1e-05,synthetic_analytical
0.013,120,6.075254796,1e-05,synthetic_analytical
0.014,120,6.513235357,1e-05,synthetic_analytical
0.015,120,6.944788141,1e-05,synthetic_analytical
0.016,120,7.369487257,1e-05,synthetic_analytical
0.017,120,7.786913579,1e-05,synthetic_analytical
0.018,120,8.196655158,1e-05,synthetic_analytical
0.019,120,8.598307627,1e-05,synthetic_analytical
0.02,120,8.991474605,1e-05,synthetic_analytical
0.021,120,9.375768083,1e-05,synthetic_analytical
0.022,120,9.75080881,1e-05,synthetic_analytical
0.023,120,10.11622667,1e-05,synthetic_analytical
0.024,120,10.47166103,1e-05,synthetic_analytical
0.025,120,10.81676112,1e-05,synthetic_analytical
0.026,120,11.15118638,1e-05,synthetic_analytical
0.027,120,11.47460677,1e-05,synthetic_analytical
0.028,120,11.7867031,1e-05,synthetic_analytical
0.029,120,12.08716738,1e-05,synthetic_analytical
0.03,120,12.37570309,1e-05,synthetic_analytical
0.031,120,12.65202547,1e-05,synthetic_analytical
0.032,120,12.91586182,1e-05,synthetic_analytical
0.033,120,13.16695179,1e-05,synthetic_analytical
0.034,120,13.40504756,1e-05,synthetic_analytical
0.035,120,13.62991416,1e-05,synthetic_analytical
0.036,120,13.84132969,1e-05,synthetic_analytical
0.037,120,14.0390855,1e-05,synthetic_analytical
0.038,120,14.22298642,1e-05,synthetic_analytical
0.039,120,14.39285097,1e-05,synthetic_analytical
0.04,120,14.54851152,1e-05,synthetic_analytical
0.041,120,14.68981444,1e-05,synthetic_analytical
0.042,120,14.81662029,1e-05,synthetic_analytical
0.043,120,14.92880393,1e-05,synthetic_analytical
0.044,120,15.02625463,1e-05,synthetic_analytical
0.045,120,15.10887624,1e-05,synthetic_analytical
0.046,120,15.17658721,1e-05,synthetic_analytical
0.047,120,15.22932072,1e-05,synthetic_analytical
0.048,120,15.26702473,1e-05,synthetic_analytical
0.049,120,15.28966203,1e-05,synthetic_analytical
0.05,120,15.29721028,1e-05,synthetic_analytical
0.051,120,15.28966203,1e-05,synthetic_analytical
0.052,120,15.26702473,1e-05,synthetic_analytical
0.053,120,15.22932072,1e-05,synthetic_analytical
0.054,120,15.17658721,1e-05,synthetic_analytical
0.055,120,15.10887624,1e-05,synthetic_analytical
0.056,120,15.02625463,1e-05,synthetic_analytical
0.057,120,14.92880393,1e-05,synthetic_analytical
0.058,120,14.81662029,1e-05,synthetic_analytical
0.059,120,14.68981444,1e-05,synthetic_analytical
0.06,120,14.54851152,1e-05,synthetic_analytical
0.061,120,14.39285097,1e-05,synthetic_analytical
0.062,120,14.22298642,1e-05,synthetic_analytical
0.063,120,14.0390855,1e-05,synthetic_analytical
0.064,120,13.84132969,1e-05,synthetic_analytical
0.065,120,13.62991416,1e-05,synthetic_analytical
0.066,120,13.40504756,1e-05,synthetic_analytical
0.067,120,13.16695179,1e-05,synthetic_analytical
0.068,120,12.91586182,1e-05,synthetic_analytical
0.069,120,12.65202547,1e-05,synthetic_analytical
0.07,120,12.37570309,1e-05,synthetic_analytical
0.071,120,12.08716738,1e-05,synthetic_analytical
0.072,120,11.7867031,1e-05,synthetic_analytical
0.073,120,11.47460677,1e-05,synthetic_analytical
0.074,120,11.15118638,1e-05,synthetic_analytical
0.075,120,10.81676112,1e-05,synthetic_analytical
0.076,120,10.47166103,1e-05,synthetic_analytical
0.077,120,10.11622667,1e-05,synthetic_analytical
0.078,120,9.75080881,1e-05,synthetic_analytical
0.079,120,9.375768083,1e-05,synthetic_analytical
0.08,120,8.991474605,1e-05,synthetic_analytical
0.081,120,8.598307627,1e-05,synthetic_analytical
0.082,120,8.196655158,1e-05,synthetic_analytical
0.083,120,7.786913579,1e-05,synthetic_analytical
0.084,120,7.369487257,1e-05,synthetic_analytical
0.085,120,6.944788141,1e-05,synthetic_analytical
0.086,120,6.513235357,1e-05,synthetic_analytical
0.087,120,6.075254796,1e-05,synthetic_analytical
0.088,120,5.631278693,1e-05,synthetic_analytical
0.089,120,5.181745197,1e-05,synthetic_analytical
0.09,120,4.727097944,1e-05,synthetic_analytical
0.091,120,4.267785616,1e-05,synthetic_analytical
0.092,120,3.804261499,1e-05,synthetic_analytical
0.093,120,3.336983035,1e-05,synthetic_analytical
0.094,120,2.866411372,1e-05,synthetic_analytical
0.095,120,2.393010907,1e-05,synthetic_analytical
0.096,120,1.917248829,1e-05,synthetic_analytical
0.097,120,1.439594658,1e-05,synthetic_analytical
0.098,120,0.960519781,1e-05,synthetic_analytical
0.099,120,0.4804969868,1e-05,synthetic_analytical
0.1,120,1.873367961e-15,1e-05,synthetic_analytical
0,124,0,1e-05,synthetic_analytical
0.001,124,0.4618972851,1e-05,synthetic_analytical
0.002,124,0.9233387333,1e-05,synthetic_analytical
0.003,124,1.383868958,1e-05,synthetic_analytical
0.004,124,1.843033471,1e-05,synthetic_analytical
0.005,124,2.300379132,1e-05,synthetic_analytical
0.006,124,2.755454597,1e-05,synthetic_analytical
0.007,124,3.20781076,1e-05,synthetic_analytical
0.008,124,3.657001202,1e-05,synthetic_analytical
0.009,124,4.102582625,1e-05,synthetic_analytical
0.01,124,4.544115295,1e-05,synthetic_analytical
0.011,124,4.981163471,1e-05,synthetic_analytical
0.012,124,5.41329584,1e-05,synthetic_analytical
0.013,124,5.84008594,1e-05,synthetic_analytical
0.014,124,6.26111258,1e-05,synthetic_analytical
0.015,124,6.675960258,1e-05,synthetic_analytical
0.016,124,7.084219569,1e-05,synthetic_analytical
0.017,124,7.485487611,1e-05,synthetic_analytical
0.018,124,7.87936838,1e-05,synthetic_analytical
0.019,124,8.265473164,1e-05,synthetic_analytical
0.02,124,8.643420924,1e-05,synthetic_analytical
0.021,124,9.012838671,1e-05,synthetic_analytical
0.022,124,9.373361834,1e-05,synthetic_analytical
0.023,124,9.724634621,1e-05,synthetic_analytical
0.024,124,10.06631037,1e-05,synthetic_analytical
0.025,124,10.39805188,1e-05,synthetic_analytical
0.026,124,10.71953177,1e-05,synthetic_analytical
0.027,124,11.03043278,1e-05,synthetic_analytical
0.028,124,11.33044808,1e-05,synthetic_analytical
0.029,124,11.6192816,1e-05,synthetic_analytical
0.03,124,11.89664829,1e-05,synthetic_analytical
0.031,124,12.16227443,1e-05,synthetic_analytical
0.032,124,12.41589786,1e-05,synthetic_analytical
0.033,124,12.65726831,1e-05,synthetic_analytical
0.034,124,12.88614756,1e-05,synthetic_analytical
0.035,124,13.10230974,1e-05,synthetic_analytical
0.036,124,13.30554152,1e-05,synthetic_analytical
0.037,124,13.49564233,1e-05,synthetic_analytical
0.038,124,13.67242458,1e-05,synthetic_analytical
0.039,124,13.8357138,1e-05,synthetic_analytical
0.04,124,13.98534883,1e-05,synthetic_analytical
0.041,124,14.12118202,1e-05,synthetic_analytical
0.042,124,14.2430793,1e-05,synthetic_analytical
0.043,124,14.35092039,1e-05,synthetic_analytical
0.044,124,14.44459884,1e-05,synthetic_analytical
0.045,124,14.52402223,1e-05,synthetic_analytical
0.046,124,14.58911215,1e-05,synthetic_analytical
0.047,124,14.63980439,1e-05,synthetic_analytical
0.048,124,14.6760489,1e-05,synthetic_analytical
0.049,124,14.69780993,1e-05,synthetic_analytical
0.05,124,14.70506599,1e-05,synthetic_analytical
0.051,124,14.69780993,1e-05,synthetic_analytical
0.052,124,14.6760489,1e-05,synthetic_analytical
0.053,124,14.63980439,1e-05,synthetic_analytical
0.054,124,14.58911215,1e-05,synthetic_analytical
0.055,124,14.52402223,1e-05,synthetic_analytical
0.056,124,14.44459884,1e-05,synthetic_analytical
0.057,124,14.35092039,1e-05,synthetic_analytical
0.058,124,14.2430793,1e-05,synthetic_analytical
0.059,124,14.12118202,1e-05,synthetic_analytical
0.06,124,13.98534883,1e-05,synthetic_analytical
0.061,124,13.8357138,1e-05,synthetic_analytical
0.062,124,13.67242458,1e-05,synthetic_analytical
0.063,124,13.49564233,1e-05,synthetic_analytical
0.064,124,13.30554152,1e-05,synthetic_analytical
0.065,124,13.10230974,1e-05,synthetic_analytical
0.066,124,12.88614756,1e-05,synthetic_analytical
0.067,124,12.65726831,1e-05,synthetic_analytical
0.068,124,12.41589786,1e-05,synthetic_analytical
0.069,124,12.16227443,1e-05,synthetic_analytical
0.07,124,11.89664829,1e-05,synthetic_analytical
0.071,124,11.6192816,1e-05,synthetic_analytical
0.072,124,11.33044808,1e-05,synthetic_analytical
0.073,124,11.03043278,1e-05,synthetic_analytical
0.074,124,10.71953177,1e-05,synthetic_analytical
0.075,124,10.39805188,1e-05,synthetic_analytical
0.076,124,10.06631037,1e-05,synthetic_analytical
0.077,124,9.724634621,1e-05,synthetic_analytical
0.078,124,9.373361834,1e-05,synthetic_analytical
0.079,124,9.012838671,1e-05,synthetic_analytical
0.08,124,8.643420924,1e-05,synthetic_analytical
0.081,124,8.265473164,1e-05,synthetic_analytical
0.082,124,7.87936838,1e-05,synthetic_analytical
0.083,124,7.485487611,1e-05,synthetic_analytical
0.084,124,7.084219569,1e-05,synthetic_analytical
0.085,124,6.675960258,1e-05,synthetic_analytical
0.086,124,6.26111258,1e-05,synthetic_analytical
0.087,124,5.84008594,1e-05,synthetic_analytical
0.088,124,5.41329584,1e-05,synthetic_analytical
0.089,124,4.981163471,1e-05,synthetic_analytical
0.09,124,4.544115295,1e-05,synthetic_analytical
0.091,124,4.102582625,1e-05,synthetic_analytical
0.092,124,3.657001202,1e-05,synthetic_analytical
0.093,124,3.20781076,1e-05,synthetic_analytical
0.094,124,2.755454597,1e-05,synthetic_analytical
0.095,124,2.300379132,1e-05,synthetic_analytical
0.096,124,1.843033471,1e-05,synthetic_analytical
0.097,124,1.383868958,1e-05,synthetic_analytical
0.098,124,0.9233387333,1e-05,synthetic_analytical
0.099,124,0.4618972851,1e-05,synthetic_analytical
0.1,124,1.8008512e-15,1e-05,synthetic_analytical
0,128,0,1e-05,synthetic_analytical
0.001,128,0.4440175648,1e-05,synthetic_analytical
0.002,128,0.887596938,1e-05,synthetic_analytical
0.003,128,1.33030036,1e-05,synthetic_analytical
0.004,128,1.771690936,1e-05,synthetic_analytical
0.005,128,2.211333068,1e-05,synthetic_analytical
0.006,128,2.64879288,1e-05,synthetic_analytical
0.007,128,3.083638654,1e-05,synthetic_analytical
0.008,128,3.515441248,1e-05,synthetic_analytical
0.009,128,3.943774527,1e-05,synthetic_analytical
0.01,128,4.368215776,1e-05,synthetic_analytical
0.011,128,4.788346124,1e-05,synthetic_analytical
0.012,128,5.203750952,1e-05,synthetic_analytical
0.013,128,5.614020306,1e-05,synthetic_analytical
0.014,128,6.0187493,1e-05,synthetic_analytical
0.015,128,6.417538515,1e-05,synthetic_analytical
0.016,128,6.809994394,1e-05,synthetic_analytical
0.017,128,7.195729631,1e-05,synthetic_analytical
0.018,128,7.574363551,1e-05,synthetic_analytical
0.019,128,7.94552249,1e-05,synthetic_analytical
0.02,128,8.308840157,1e-05,synthetic_analytical
0.021,128,8.663958001,1e-05,synthetic_analytical
0.022,128,9.010525565,1e-05,synthetic_analytical
0.023,128,9.348200829,1e-05,synthetic_analytical
0.024,128,9.676650546,1e-05,synthetic_analytical
0.025,128,9.995550578,1e-05,synthetic_analytical
0.026,128,10.30458621,1e-05,synthetic_analytical
0.027,128,10.60345246,1e-05,synthetic_analytical
0.028,128,10.89185438,1e-05,synthetic_analytical
0.029,128,11.16950735,1e-05,synthetic_analytical
0.03,128,11.43613737,1e-05,synthetic_analytical
0.031,128,11.6914813,1e-05,synthetic_analytical
0.032,128,11.93528716,1e-05,synthetic_analytical
0.033,128,12.16731432,1e-05,synthetic_analytical
0.034,128,12.38733382,1e-05,synthetic_analytical
0.035,128,12.59512851,1e-05,synthetic_analytical
0.036,128,12.79049333,1e-05,synthetic_analytical
0.037,128,12.97323548,1e-05,synthetic_analytical
0.038,128,13.14317461,1e-05,synthetic_analytical
0.039,128,13.30014301,1e-05,synthetic_analytical
0.04,128,13.44398578,1e-05,synthetic_analytical
0.041,128,13.57456096,1e-05,synthetic_analytical
0.042,128,13.69173968,1e-05,synthetic_analytical
0.043,128,13.79540631,1e-05,synthetic_analytical
0.044,128,13.88545855,1e-05,synthetic_analytical
0.045,128,13.9618075,1e-05,synthetic_analytical
0.046,128,14.02437785,1e-05,synthetic_analytical
0.047,128,14.07310782,1e-05,synthetic_analytical
0.048,128,14.10794933,1e-05,synthetic_analytical
0.049,128,14.12886801,1e-05,synthetic_analytical
0.05,128,14.13584319,1e-05,synthetic_analytical
0.051,128,14.12886801,1e-05,synthetic_analytical
0.052,128,14.10794933,1e-05,synthetic_analytical
0.053,128,14.07310782,1e-05,synthetic_analytical
0.054,128,14.02437785,1e-05,synthetic_analytical
0.055,128,13.9618075,1e-05,synthetic_analytical
0.056,128,13.88545855,1e-05,synthetic_analytical
0.057,128,13.79540631,1e-05,synthetic_analytical
0.058,128,13.69173968,1e-05,synthetic_analytical
0.059,128,13.57456096,1e-05,synthetic_analytical
0.06,128,13.44398578,1e-05,synthetic_analytical
0.061,128,13.30014301,1e-05,synthetic_analytical
0.062,128,13.14317461,1e-05,synthetic_analytical
0.063,128,12.97323548,1e-05,synthetic_analytical
0.064,128,12.79049333,1e-05,synthetic_analytical
0.065,128,12.59512851,1e-05,synthetic_analytical
0.066,128,12.38733382,1e-05,synthetic_analytical
0.067,128,12.16731432,1e-05,synthetic_analytical
0.068,128,11.93528716,1e-05,synthetic_analytical
0.069,128,11.6914813,1e-05,synthetic_analytical
0.07,128,11.43613737,1e-05,synthetic_analytical
0.071,128,11.16950735,1e-05,synthetic_analytical
0.072,128,10.89185438,1e-05,synthetic_analytical
0.073,128,10.60345246,1e-05,synthetic_analytical
0.074,128,10.30458621,1e-05,synthetic_analytical
0.075,128,9.995550578,1e-05,synthetic_analytical
0.076,128,9.676650546,1e-05,synthetic_analytical
0.077,128,9.348200829,1e-05,synthetic_analytical
0.078,128,9.010525565,1e-05,synthetic_analytical
0.079,128,8.663958001,1e-05,synthetic_analytical
0.08,128,8.308840157,1e-05,synthetic_analytical
0.081,128,7.94552249,1e-05,synthetic_analytical
0.082,128,7.574363551,1e-05,synthetic_analytical
0.083,128,7.195729631,1e-05,synthetic_analytical
0.084,128,6.809994394,1e-05,synthetic_analytical
0.085,128,6.417538515,1e-05,synthetic_analytical
0.086,128,6.0187493,1e-05,synthetic_analytical
0.087,128,5.614020306,1e-05,synthetic_analytical
0.088,128,5.203750952,1e-05,synthetic_analytical
0.089,128,4.788346124,1e-05,synthetic_analytical
0.09,128,4.368215776,1e-05,synthetic_analytical
0.091,128,3.943774527,1e-05,synthetic_analytical
0.092,128,3.515441248,1e-05,synthetic_analytical
0.093,128,3.083638654,1e-05,synthetic_analytical
0.094,128,2.64879288,1e-05,synthetic_analytical
0.095,128,2.211333068,1e-05,synthetic_analytical
0.096,128,1.771690936,1e-05,synthetic_analytical
0.097,128,1.33030036,1e-05,synthetic_analytical
0.098,128,0.887596938,1e-05,synthetic_analytical
0.099,128,0.4440175648,1e-05,synthetic_analytical
0.1,128,1.731141512e-15,1e-05,synthetic_analytical
0,132,0,1e-05,synthetic_analytical
0.001,132,0.426829956,1e-05,synthetic_analytical
0.002,132,0.8532386825,1e-05,synthetic_analytical
0.003,132,1.278805365,1e-05,synthetic_analytical
0.004,132,1.703110022,1e-05,synthetic_analytical
0.005,132,2.125733914,1e-05,synthetic_analytical
0.006,132,2.546259964,1e-05,synthetic_analytical
0.007,132,2.964273162,1e-05,synthetic_analytical
0.008,132,3.379360981,1e-05,synthetic_analytical
0.009,132,3.791113778,1e-05,synthetic_analytical
0.01,132,4.199125204,1e-05,synthetic_analytical
0.011,132,4.6029926,1e-05,synthetic_analytical
0.012,132,5.002317399,1e-05,synthetic_analytical
0.013,132,5.396705514,1e-05,synthetic_analytical
0.014,132,5.785767732,1e-05,synthetic_analytical
0.015,132,6.169120096,1e-05,synthetic_analytical
0.016,132,6.546384283,1e-05,synthetic_analytical
0.017,132,6.917187979,1e-05,synthetic_analytical
0.018,132,7.281165246,1e-05,synthetic_analytical
0.019,132,7.637956882,1e-05,synthetic_analytical
0.02,132,7.987210776,1e-05,synthetic_analytical
0.021,132,8.328582258,1e-05,synthetic_analytical
0.022,132,8.661734435,1e-05,synthetic_analytical
0.023,132,8.986338525,1e-05,synthetic_analytical
0.024,132,9.302074184,1e-05,synthetic_analytical
0.025,132,9.60862982,1e-05,synthetic_analytical
0.026,132,9.905702897,1e-05,synthetic_analytical
0.027,132,10.19300024,1e-05,synthetic_analytical
0.028,132,10.47023833,1e-05,synthetic_analytical
0.029,132,10.73714355,1e-05,synthetic_analytical
0.03,132,10.99345251,1e-05,synthetic_analytical
0.031,132,11.23891226,1e-05,synthetic_analytical
0.032,132,11.47328055,1e-05,synthetic_analytical
0.033,132,11.69632611,1e-05,synthetic_analytical
0.034,132,11.9078288,1e-05,synthetic_analytical
0.035,132,12.10757991,1e-05,synthetic_analytical
0.036,132,12.29538229,1e-05,synthetic_analytical
0.037,132,12.47105062,1e-05,synthetic_analytical
0.038,132,12.63441153,1e-05,synthetic_analytical
0.039,132,12.7853038,1e-05,synthetic_analytical
0.04,132,12.92357851,1e-05,synthetic_analytical
0.041,132,13.04909922,1e-05,synthetic_analytical
0.042,132,13.16174203,1e-05,synthetic_analytical
0.043,132,13.2613958,1e-05,synthetic_analytical
0.044,132,13.34796217,1e-05,synthetic_analytical
0.045,132,13.42135572,1e-05,synthetic_analytical
0.046,132,13.48150401,1e-05,synthetic_analytical
0.047,132,13.52834768,1e-05,synthetic_analytical
0.048,132,13.5618405,1e-05,synthetic_analytical
0.049,132,13.58194943,1e-05,synthetic_analytical
0.05,132,13.58865461,1e-05,synthetic_analytical
0.051,132,13.58194943,1e-05,synthetic_analytical
0.052,132,13.5618405,1e-05,synthetic_analytical
0.053,132,13.52834768,1e-05,synthetic_analytical
0.054,132,13.48150401,1e-05,synthetic_analytical
0.055,132,13.42135572,1e-05,synthetic_analytical
0.056,132,13.34796217,1e-05,synthetic_analytical
0.057,132,13.2613958,1e-05,synthetic_analytical
0.058,132,13.16174203,1e-05,synthetic_analytical
0.059,132,13.04909922,1e-05,synthetic_analytical
0.06,132,12.92357851,1e-05,synthetic_analytical
0.061,132,12.7853038,1e-05,synthetic_analytical
0.062,132,12.63441153,1e-05,synthetic_analytical
0.063,132,12.47105062,1e-05,synthetic_analytical
0.064,132,12.29538229,1e-05,synthetic_analytical
0.065,132,12.10757991,1e-05,synthetic_analytical
0.066,132,11.9078288,1e-05,synthetic_analytical
0.067,132,11.69632611,1e-05,synthetic_analytical
0.068,132,11.47328055,1e-05,synthetic_analytical
0.069,132,11.23891226,1e-05,synthetic_analytical
0.07,132,10.99345251,1e-05,synthetic_analytical
0.071,132,10.73714355,1e-05,synthetic_analytical
0.072,132,10.47023833,1e-05,synthetic_analytical
0.073,132,10.19300024,1e-05,synthetic_analytical
0.074,132,9.905702897,1e-05,synthetic_analytical
0.075,132,9.60862982,1e-05,synthetic_analytical
0.076,132,9.302074184,1e-05,synthetic_analytical
0.077,132,8.986338525,1e-05,synthetic_analytical
0.078,132,8.661734435,1e-05,synthetic_analytical
0.079,132,8.328582258,1e-05,synthetic_analytical
0.08,132,7.987210776,1e-05,synthetic_analytical
0.081,132,7.637956882,1e-05,synthetic_analytical
0.082,132,7.281165246,1e-05,synthetic_analytical
0.083,132,6.917187979,1e-05,synthetic_analytical
0.084,132,6.546384283,1e-05,synthetic_analytical
0.085,132,6.169120096,1e-05,synthetic_analytical
0.086,132,5.785767732,1e-05,synthetic_analytical
0.087,132,5.396705514,1e-05,synthetic_analytical
0.088,132,5.002317399,1e-05,synthetic_analytical
0.089,132,4.6029926,1e-05,synthetic_analytical
0.09,132,4.199125204,1e-05,synthetic_analytical
0.091,132,3.791113778,1e-05,synthetic_analytical
0.092,132,3.379360981,1e-05,synthetic_analytical
0.093,132,2.964273162,1e-05,synthetic_analytical
0.094,132,2.546259964,1e-05,synthetic_analytical
0.095,132,2.125733914,1e-05,synthetic_analytical
0.096,132,1.703110022,1e-05,synthetic_analytical
0.097,132,1.278805365,1e-05,synthetic_analytical
0.098,132,0.8532386825,1e-05,synthetic_analytical
0.099,132,0.426829956,1e-05,synthetic_analytical
0.1,132,1.664130237e-15,1e-05,synthetic_analytical
0,136,0,1e-05,synthetic_analytical
0.001,136,0.4103076675,1e-05,synthetic_analytical
0.002,136,0.8202104109,1e-05,synthetic_analytical
0.003,136,1.229303706,1e-05,synthetic_analytical
0.004,136,1.637183826,1e-05,synthetic_analytical
0.005,136,2.043448244,1e-05,synthetic_analytical
0.006,136,2.447696025,1e-05,synthetic_analytical
0.007,136,2.849528225,1e-05,synthetic_analytical
0.008,136,3.248548285,1e-05,synthetic_analytical
0.009,136,3.64436242,1e-05,synthetic_analytical
0.01,136,4.03658001,1e-05,synthetic_analytical
0.011,136,4.424813982,1e-05,synthetic_analytical
0.012,136,4.808681197,1e-05,synthetic_analytical
0.013,136,5.187802825,1e-05,synthetic_analytical
0.014,136,5.561804717,1e-05,synthetic_analytical
0.015,136,5.93031778,1e-05,synthetic_analytical
0.016,136,6.292978334,1e-05,synthetic_analytical
0.017,136,6.649428479,1e-05,synthetic_analytical
0.018,136,6.999316441,1e-05,synthetic_analytical
0.019,136,7.342296923,1e-05,synthetic_analytical
0.02,136,7.678031444,1e-05,synthetic_analytical
0.021,136,8.006188675,1e-05,synthetic_analytical
0.022,136,8.326444764,1e-05,synthetic_analytical
0.023,136,8.638483658,1e-05,synthetic_analytical
0.024,136,8.941997411,1e-05,synthetic_analytical
0.025,136,9.236686492,1e-05,synthetic_analytical
0.026,136,9.522260079,1e-05,synthetic_analytical
0.027,136,9.798436345,1e-05,synthetic_analytical
0.028,136,10.06494274,1e-05,synthetic_analytical
0.029,136,10.32151625,1e-05,synthetic_analytical
0.03,136,10.56790366,1e-05,synthetic_analytical
0.031,136,10.80386184,1e-05,synthetic_analytical
0.032,136,11.0291579,1e-05,synthetic_analytical
0.033,136,11.24356952,1e-05,synthetic_analytical
0.034,136,11.4468851,1e-05,synthetic_analytical
0.035,136,11.63890398,1e-05,synthetic_analytical
0.036,136,11.81943666,1e-05,synthetic_analytical
0.037,136,11.98830499,1e-05,synthetic_analytical
0.038,136,12.14534231,1e-05,synthetic_analytical
0.039,136,12.29039364,1e-05,synthetic_analytical
0.04,136,12.42331584,1e-05,synthetic_analytical
0.041,136,12.54397773,1e-05,synthetic_analytical
0.042,136,12.65226022,1e-05,synthetic_analytical
0.043,136,12.74805646,1e-05,synthetic_analytical
0.044,136,12.83127191,1e-05,synthetic_analytical
0.045,136,12.90182444,1e-05,synthetic_analytical
0.046,136,12.95964443,1e-05,synthetic_analytical
0.047,136,13.00467482,1e-05,synthetic_analytical
0.048,136,13.03687116,1e-05,synthetic_analytical
0.049,136,13.05620168,1e-05,synthetic_analytical
0.05,136,13.06264731,1e-05,synthetic_analytical
0.051,136,13.05620168,1e-05,synthetic_analytical
0.052,136,13.03687116,1e-05,synthetic_analytical
0.053,136,13.00467482,1e-05,synthetic_analytical
0.054,136,12.95964443,1e-05,synthetic_analytical
0.055,136,12.90182444,1e-05,synthetic_analytical
0.056,136,12.83127191,1e-05,synthetic_analytical
0.057,136,12.74805646,1e-05,synthetic_analytical
0.058,136,12.65226022,1e-05,synthetic_analytical
0.059,136,12.54397773,1e-05,synthetic_analytical
0.06,136,12.42331584,1e-05,synthetic_analytical
0.061,136,12.29039364,1e-05,synthetic_analytical
0.062,136,12.14534231,1e-05,synthetic_analytical
0.063,136,11.98830499,1e-05,synthetic_analytical
0.064,136,11.81943666,1e-05,synthetic_analytical
0.065,136,11.63890398,1e-05,synthetic_analytical
0.066,136,11.4468851,1e-05,synthetic_analytical
0.067,136,11.24356952,1e-05,synthetic_analytical
0.068,136,11.0291579,1e-05,synthetic_analytical
0.069,136,10.80386184,1e-05,synthetic_analytical
0.07,136,10.56790366,1e-05,synthetic_analytical
0.071,136,10.32151625,1e-05,synthetic_analytical
0.072,136,10.06494274,1e-05,synthetic_analytical
0.073,136,9.798436345,1e-05,synthetic_analytical
0.074,136,9.522260079,1e-05,synthetic_analytical
0.075,136,9.236686492,1e-05,synthetic_analytical
0.076,136,8.941997411,1e-05,synthetic_analytical
0.077,136,8.638483658,1e-05,synthetic_analytical
0.078,136,8.326444764,1e-05,synthetic_analytical
0.079,136,8.006188675,1e-05,synthetic_analytical
0.08,136,7.678031444,1e-05,synthetic_analytical
0.081,136,7.342296923,1e-05,synthetic_analytical
0.082,136,6.999316441,1e-05,synthetic_analytical
0.083,136,6.649428479,1e-05,synthetic_analytical
0.084,136,6.292978334,1e-05,synthetic_analytical
0.085,136,5.93031778,1e-05,synthetic_analytical
0.086,136,5.561804717,1e-05,synthetic_analytical
0.087,136,5.187802825,1e-05,synthetic_analytical
0.088,136,4.808681197,1e-05,synthetic_analytical
0.089,136,4.424813982,1e-05,synthetic_analytical
0.09,136,4.03658001,1e-05,synthetic_analytical
0.091,136,3.64436242,1e-05,synthetic_analytical
0.092,136,3.248548285,1e-05,synthetic_analytical
0.093,136,2.849528225,1e-05,synthetic_analytical
0.094,136,2.447696025,1e-05,synthetic_analytical
0.095,136,2.043448244,1e-05,synthetic_analytical
0.096,136,1.637183826,1e-05,synthetic_analytical
0.097,136,1.229303706,1e-05,synthetic_analytical
0.098,136,0.8202104109,1e-05,synthetic_analytical
0.099,136,0.4103076675,1e-05,synthetic_analytical
0.1,136,1.599712921e-15,1e-05,synthetic_analytical
0,140,0,1e-05,synthetic_analytical
0.001,140,0.3944249452,1e-05,synthetic_analytical
0.002,140,0.7884606407,1e-05,synthetic_analytical
0.003,140,1.181718221,1e-05,synthetic_analytical
0.004,140,1.573809587,1e-05,synthetic_analytical
0.005,140,1.964347794,1e-05,synthetic_analytical
0.006,140,2.352947427,1e-05,synthetic_analytical
0.007,140,2.739224984,1e-05,synthetic_analytical
0.008,140,3.122799257,1e-05,synthetic_analytical
0.009,140,3.503291705,1e-05,synthetic_analytical
0.01,140,3.880326826,1e-05,synthetic_analytical
0.011,140,4.253532534,1e-05,synthetic_analytical
0.012,140,4.622540518,1e-05,synthetic_analytical
0.013,140,4.986986613,1e-05,synthetic_analytical
0.014,140,5.346511154,1e-05,synthetic_analytical
0.015,140,5.700759334,1e-05,synthetic_analytical
0.016,140,6.049381553,1e-05,synthetic_analytical
0.017,140,6.392033762,1e-05,synthetic_analytical
0.018,140,6.728377806,1e-05,synthetic_analytical
0.019,140,7.058081754,1e-05,synthetic_analytical
0.02,140,7.380820227,1e-05,synthetic_analytical
0.021,140,7.696274721,1e-05,synthetic_analytical
0.022,140,8.004133922,1e-05,synthetic_analytical
0.023,140,8.304094009,1e-05,synthetic_analytical
0.024,140,8.595858957,1e-05,synthetic_analytical
0.025,140,8.87914083,1e-05,synthetic_analytical
0.026,140,9.153660064,1e-05,synthetic_analytical
0.027,140,9.41914574,1e-05,synthetic_analytical
0.028,140,9.675335856,1e-05,synthetic_analytical
0.029,140,9.921977584,1e-05,synthetic_analytical
0.03,140,10.15882752,1e-05,synthetic_analytical
0.031,140,10.38565192,1e-05,synthetic_analytical
0.032,140,10.60222693,1e-05,synthetic_analytical
0.033,140,10.80833882,1e-05,synthetic_analytical
0.034,140,11.00378419,1e-05,synthetic_analytical
0.035,140,11.18837016,1e-05,synthetic_analytical
0.036,140,11.36191455,1e-05,synthetic_analytical
0.037,140,11.52424611,1e-05,synthetic_analytical
0.038,140,11.67520462,1e-05,synthetic_analytical
0.039,140,11.81464112,1e-05,synthetic_analytical
0.04,140,11.94241799,1e-05,synthetic_analytical
0.041,140,12.05840914,1e-05,synthetic_analytical
0.042,140,12.1625001,1e-05,synthetic_analytical
0.043,140,12.25458813,1e-05,synthetic_analytical
0.044,140,12.33458237,1e-05,synthetic_analytical
0.045,140,12.40240386,1e-05,synthetic_analytical
0.046,140,12.45798568,1e-05,synthetic_analytical
0.047,140,12.50127297,1e-05,synthetic_analytical
0.048,140,12.53222301,1e-05,synthetic_analytical
0.049,140,12.55080526,1e-05,synthetic_analytical
0.05,140,12.55700138,1e-05,synthetic_analytical
0.051,140,12.55080526,1e-05,synthetic_analytical
0.052,140,12.53222301,1e-05,synthetic_analytical
0.053,140,12.50127297,1e-05,synthetic_analytical
0.054,140,12.45798568,1e-05,synthetic_analytical
0.055,140,12.40240386,1e-05,synthetic_analytical
0.056,140,12.33458237,1e-05,synthetic_analytical
0.057,140,12.25458813,1e-05,synthetic_analytical
0.058,140,12.1625001,1e-05,synthetic_analytical
0.059,140,12.05840914,1e-05,synthetic_analytical
0.06,140,11.94241799,1e-05,synthetic_analytical
0.061,140,11.81464112,1e-05,synthetic_analytical
0.062,140,11.67520462,1e-05,synthetic_analytical
0.063,140,11.52424611,1e-05,synthetic_analytical
0.064,140,11.36191455,1e-05,synthetic_analytical
0.065,140,11.18837016,1e-05,synthetic_analytical
0.066,140,11.00378419,1e-05,synthetic_analytical
0.067,140,10.80833882,1e-05,synthetic_analytical
0.068,140,10.60222693,1e-05,synthetic_analytical
0.069,140,10.38565192,1e-05,synthetic_analytical
0.07,140,10.15882752,1e-05,synthetic_analytical
0.071,140,9.921977584,1e-05,synthetic_analytical
0.072,140,9.675335856,1e-05,synthetic_analytical
0.073,140,9.41914574,1e-05,synthetic_analytical
0.074,140,9.153660064,1e-05,synthetic_analytical
0.075,140,8.87914083,1e-05,synthetic_analytical
0.076,140,8.595858957,1e-05,synthetic_analytical
0.077,140,8.304094009,1e-05,synthetic_analytical
0.078,140,8.004133922,1e-05,synthetic_analytical
0.079,140,7.696274721,1e-05,synthetic_analytical
0.08,140,7.380820227,1e-05,synthetic_analytical
0.081,140,7.058081754,1e-05,synthetic_analytical
0.082,140,6.728377806,1e-05,synthetic_analytical
0.083,140,6.392033762,1e-05,synthetic_analytical
0.084,140,6.049381553,1e-05,synthetic_analytical
0.085,140,5.700759334,1e-05,synthetic_analytical
0.086,140,5.346511154,1e-05,synthetic_analytical
0.087,140,4.986986613,1e-05,synthetic_analytical
0.088,140,4.622540518,1e-05,synthetic_analytical
0.089,140,4.253532534,1e-05,synthetic_analytical
0.09,140,3.880326826,1e-05,synthetic_analytical
0.091,140,3.503291705,1e-05,synthetic_analytical
0.092,140,3.122799257,1e-05,synthetic_analytical
0.093,140,2.739224984,1e-05,synthetic_analytical
0.094,140,2.352947427,1e-05,synthetic_analytical
0.095,140,1.964347794,1e-05,synthetic_analytical
0.096,140,1.573809587,1e-05,synthetic_analytical
0.097,140,1.181718221,1e-05,synthetic_analytical
0.098,140,0.7884606407,1e-05,synthetic_analytical
0.099,140,0.3944249452,1e-05,synthetic_analytical
0.1,140,1.537789155e-15,1e-05,synthetic_analytical
0,144,0,1e-05,synthetic_analytical
0.001,144,0.379157032,1e-05,synthetic_analytical
0.002,144,0.7579398818,1e-05,synthetic_analytical
0.003,144,1.135974736,1e-05,synthetic_analytical
0.004,144,1.512888521,1e-05,synthetic_analytical
0.005,144,1.888309267,1e-05,synthetic_analytical
0.006,144,2.261866481,1e-05,synthetic_analytical
0.007,144,2.633191505,1e-05,synthetic_analytical
0.008,144,3.001917886,1e-05,synthetic_analytical
0.009,144,3.367681738,1e-05,synthetic_analytical
0.01,144,3.730122094,1e-05,synthetic_analytical
0.011,144,4.08888127,1e-05,synthetic_analytical
0.012,144,4.443605213,1e-05,synthetic_analytical
0.013,144,4.793943855,1e-05,synthetic_analytical
0.014,144,5.139551453,1e-05,synthetic_analytical
0.015,144,5.480086935,1e-05,synthetic_analytical
0.016,144,5.815214232,1e-05,synthetic_analytical
0.017,144,6.144602615,1e-05,synthetic_analytical
0.018,144,6.467927016,1e-05,synthetic_analytical
0.019,144,6.784868355,1e-05,synthetic_analytical
0.02,144,7.095113848,1e-05,synthetic_analytical
0.021,144,7.39835732,1e-05,synthetic_analytical
0.022,144,7.694299506,1e-05,synthetic_analytical
0.023,144,7.982648348,1e-05,synthetic_analytical
0.024,144,8.26311928,1e-05,synthetic_analytical
0.025,144,8.535435511,1e-05,synthetic_analytical
0.026,144,8.799328297,1e-05,synthetic_analytical
0.027,144,9.054537209,1e-05,synthetic_analytical
0.028,144,9.300810385,1e-05,synthetic_analytical
0.029,144,9.537904785,1e-05,synthetic_analytical
0.03,144,9.765586424,1e-05,synthetic_analytical
0.031,144,9.983630608,1e-05,synthetic_analytical
0.032,144,10.19182215,1e-05,synthetic_analytical
0.033,144,10.3899556,1e-05,synthetic_analytical
0.034,144,10.57783542,1e-05,synthetic_analytical
0.035,144,10.75527619,1e-05,synthetic_analytical
0.036,144,10.9221028,1e-05,synthetic_analytical
0.037,144,11.07815061,1e-05,synthetic_analytical
0.038,144,11.22326563,1e-05,synthetic_analytical
0.039,144,11.35730464,1e-05,synthetic_analytical
0.04,144,11.48013536,1e-05,synthetic_analytical
0.041,144,11.59163657,1e-05,synthetic_analytical
0.042,144,11.69169824,1e-05,synthetic_analytical
0.043,144,11.78022161,1e-05,synthetic_analytical
0.044,144,11.85711933,1e-05,synthetic_analytical
0.045,144,11.9223155,1e-05,synthetic_analytical
0.046,144,11.97574578,1e-05,synthetic_analytical
0.047,144,12.01735745,1e-05,synthetic_analytical
0.048,144,12.04710944,1e-05,synthetic_analytical
0.049,144,12.06497239,1e-05,synthetic_analytical
0.05,144,12.07092866,1e-05,synthetic_analytical
0.051,144,12.06497239,1e-05,synthetic_analytical
0.052,144,12.04710944,1e-05,synthetic_analytical
0.053,144,12.01735745,1e-05,synthetic_analytical
0.054,144,11.97574578,1e-05,synthetic_analytical
0.055,144,11.9223155,1e-05,synthetic_analytical
0.056,144,11.85711933,1e-05,synthetic_analytical
0.057,144,11.78022161,1e-05,synthetic_analytical
0.058,144,11.69169824,1e-05,synthetic_analytical
0.059,144,11.59163657,1e-05,synthetic_analytical
0.06,144,11.48013536,1e-05,synthetic_analytical
0.061,144,11.35730464,1e-05,synthetic_analytical
0.062,144,11.22326563,1e-05,synthetic_analytical
0.063,144,11.07815061,1e-05,synthetic_analytical
0.064,144,10.9221028,1e-05,synthetic_analytical
0.065,144,10.75527619,1e-05,synthetic_analytical
0.066,144,10.57783542,1e-05,synthetic_analytical
0.067,144,10.3899556,1e-05,synthetic_analytical
0.068,144,10.19182215,1e-05,synthetic_analytical
0.069,144,9.983630608,1e-05,synthetic_analytical
0.07,144,9.765586424,1e-05,synthetic_analytical
0.071,144,9.537904785,1e-05,synthetic_analytical
0.072,144,9.300810385,1e-05,synthetic_analytical
0.073,144,9.054537209,1e-05,synthetic_analytical
0.074,144,8.799328297,1e-05,synthetic_analytical
0.075,144,8.535435511,1e-05,synthetic_analytical
0.076,144,8.26311928,1e-05,synthetic_analytical
0.077,144,7.982648348,1e-05,synthetic_analytical
0.078,144,7.694299506,1e-05,synthetic_analytical
0.079,144,7.39835732,1e-05,synthetic_analytical
0.08,144,7.095113848,1e-05,synthetic_analytical
0.081,144,6.784868355,1e-05,synthetic_analytical
0.082,144,6.467927016,1e-05,synthetic_analytical
0.083,144,6.144602615,1e-05,synthetic_analytical
0.084,144,5.815214232,1e-05,synthetic_analytical
0.085,144,5.480086935,1e-05,synthetic_analytical
0.086,144,5.139551453,1e-05,synthetic_analytical
0.087,144,4.793943855,1e-05,synthetic_analytical
0.088,144,4.443605213,1e-05,synthetic_analytical
0.089,144,4.08888127,1e-05,synthetic_analytical
0.09,144,3.730122094,1e-05,synthetic_analytical
0.091,144,3.367681738,1e-05,synthetic_analytical
0.092,144,3.001917886,1e-05,synthetic_analytical
0.093,144,2.633191505,1e-05,synthetic_analytical
0.094,144,2.261866481,1e-05,synthetic_analytical
0.095,144,1.888309267,1e-05,synthetic_analytical
0.096,144,1.512888521,1e-05,synthetic_analytical
0.097,144,1.135974736,1e-05,synthetic_analytical
0.098,144,0.7579398818,1e-05,synthetic_analytical
0.099,144,0.379157032,1e-05,synthetic_analytical
0.1,144,1.478262415e-15,1e-05,synthetic_analytical
0,148,0,1e-05,synthetic_analytical
0.001,148,0.364480129,1e-05,synthetic_analytical
0.002,148,0.72860056,1e-05,synthetic_analytical
0.003,148,1.09200195,1e-05,synthetic_analytical
0.004,148,1.454325667,1e-05,synthetic_analytical
0.005,148,1.815214139,1e-05,synthetic_analytical
0.006,148,2.174311214,1e-05,synthetic_analytical
0.007,148,2.531262507,1e-05,synthetic_analytical
0.008,148,2.885715749,1e-05,synthetic_analytical
0.009,148,3.237321138,1e-05,synthetic_analytical
0.01,148,3.585731681,1e-05,synthetic_analytical
0.011,148,3.930603541,1e-05,synthetic_analytical
0.012,148,4.271596369,1e-05,synthetic_analytical
0.013,148,4.608373648,1e-05,synthetic_analytical
0.014,148,4.940603018,1e-05,synthetic_analytical
0.015,148,5.267956609,1e-05,synthetic_analytical
0.016,148,5.590111364,1e-05,synthetic_analytical
0.017,148,5.906749353,1e-05,synthetic_analytical
0.018,148,6.217558094,1e-05,synthetic_analytical
0.019,148,6.522230855,1e-05,synthetic_analytical
0.02,148,6.820466962,1e-05,synthetic_analytical
0.021,148,7.111972092,1e-05,synthetic_analytical
0.022,148,7.396458564,1e-05,synthetic_analytical
0.023,148,7.673645624,1e-05,synthetic_analytical
0.024,148,7.943259723,1e-05,synthetic_analytical
0.025,148,8.205034783,1e-05,synthetic_analytical
0.026,148,8.458712465,1e-05,synthetic_analytical
0.027,148,8.704042418,1e-05,synthetic_analytical
0.028,148,8.940782532,1e-05,synthetic_analytical
0.029,148,9.168699174,1e-05,synthetic_analytical
0.03,148,9.387567416,1e-05,synthetic_analytical
0.031,148,9.597171263,1e-05,synthetic_analytical
0.032,148,9.79730386,1e-05,synthetic_analytical
0.033,148,9.987767702,1e-05,synthetic_analytical
0.034,148,10.16837482,1e-05,synthetic_analytical
0.035,148,10.33894698,1e-05,synthetic_analytical
0.036,148,10.49931585,1e-05,synthetic_analytical
0.037,148,10.64932317,1e-05,synthetic_analytical
0.038,148,10.78882088,1e-05,synthetic_analytical
0.039,148,10.91767134,1e-05,synthetic_analytical
0.04,148,11.03574736,1e-05,synthetic_analytical
0.041,148,11.14293244,1e-05,synthetic_analytical
0.042,148,11.23912079,1e-05,synthetic_analytical
0.043,148,11.32421749,1e-05,synthetic_analytical
0.044,148,11.39813855,1e-05,synthetic_analytical
0.045,148,11.46081102,1e-05,synthetic_analytical
0.046,148,11.51217305,1e-05,synthetic_analytical
0.047,148,11.55217397,1e-05,synthetic_analytical
0.048,148,11.58077427,1e-05,synthetic_analytical
0.049,148,11.59794576,1e-05,synthetic_analytical
0.05,148,11.60367147,1e-05,synthetic_analytical
0.051,148,11.59794576,1e-05,synthetic_analytical
0.052,148,11.58077427,1e-05,synthetic_analytical
0.053,148,11.55217397,1e-05,synthetic_analytical
0.054,148,11.51217305,1e-05,synthetic_analytical
0.055,148,11.46081102,1e-05,synthetic_analytical
0.056,148,11.39813855,1e-05,synthetic_analytical
0.057,148,11.32421749,1e-05,synthetic_analytical
0.058,148,11.23912079,1e-05,synthetic_analytical
0.059,148,11.14293244,1e-05,synthetic_analytical
0.06,148,11.03574736,1e-05,synthetic_analytical
0.061,148,10.91767134,1e-05,synthetic_analytical
0.062,148,10.78882088,1e-05,synthetic_analytical
0.063,148,10.64932317,1e-05,synthetic_analytical
0.064,148,10.49931585,1e-05,synthetic_analytical
0.065,148,10.33894698,1e-05,synthetic_analytical
0.066,148,10.16837482,1e-05,synthetic_analytical
0.067,148,9.987767702,1e-05,synthetic_analytical
0.068,148,9.79730386,1e-05,synthetic_analytical
0.069,148,9.597171263,1e-05,synthetic_analytical
0.07,148,9.387567416,1e-05,synthetic_analytical
0.071,148,9.168699174,1e-05,synthetic_analytical
0.072,148,8.940782532,1e-05,synthetic_analytical
0.073,148,8.704042418,1e-05,synthetic_analytical
0.074,148,8.458712465,1e-05,synthetic_analytical
0.075,148,8.205034783,1e-05,synthetic_analytical
0.076,148,7.943259723,1e-05,synthetic_analytical
0.077,148,7.673645624,1e-05,synthetic_analytical
0.078,148,7.396458564,1e-05,synthetic_analytical
0.079,148,7.111972092,1e-05,synthetic_analytical
0.08,148,6.820466962,1e-05,synthetic_analytical
0.081,148,6.522230855,1e-05,synthetic_analytical
0.082,148,6.217558094,1e-05,synthetic_analytical
0.083,148,5.906749353,1e-05,synthetic_analytical
0.084,148,5.590111364,1e-05,synthetic_analytical
0.085,148,5.267956609,1e-05,synthetic_analytical
0.086,148,4.940603018,1e-05,synthetic_analytical
0.087,148,4.608373648,1e-05,synthetic_analytical
0.088,148,4.271596369,1e-05,synthetic_analytical
0.089,148,3.930603541,1e-05,synthetic_analytical
0.09,148,3.585731681,1e-05,synthetic_analytical
0.091,148,3.237321138,1e-05,synthetic_analytical
0.092,148,2.885715749,1e-05,synthetic_analytical
0.093,148,2.531262507,1e-05,synthetic_analytical
0.094,148,2.174311214,1e-05,synthetic_analytical
0.095,148,1.815214139,1e-05,synthetic_analytical
0.096,148,1.454325667,1e-05,synthetic_analytical
0.097,148,1.09200195,1e-05,synthetic_analytical
0.098,148,0.72860056,1e-05,synthetic_analytical
0.099,148,0.364480129,1e-05,synthetic_analytical
0.1,148,1.421039912e-15,1e-05,synthetic_analytical
0,152,0,1e-05,synthetic_analytical
0.001,152,0.3503713586,1e-05,synthetic_analytical
0.002,152,0.7003969429,1e-05,synthetic_analytical
0.003,152,1.04973132,1e-05,synthetic_analytical
0.004,152,1.398029739,1e-05,synthetic_analytical
0.005,152,1.744948472,1e-05,synthetic_analytical
0.006,152,2.090145151,1e-05,synthetic_analytical
0.007,152,2.433279109,1e-05,synthetic_analytical
0.008,152,2.774011714,1e-05,synthetic_analytical
0.009,152,3.112006705,1e-05,synthetic_analytical
0.01,152,3.446930521,1e-05,synthetic_analytical
0.011,152,3.778452632,1e-05,synthetic_analytical
0.012,152,4.106245867,1e-05,synthetic_analytical
0.013,152,4.429986733,1e-05,synthetic_analytical
0.014,152,4.749355737,1e-05,synthetic_analytical
0.015,152,5.0640377,1e-05,synthetic_analytical
0.016,152,5.37372207,1e-05,synthetic_analytical
0.017,152,5.678103225,1e-05,synthetic_analytical
0.018,152,5.976880777,1e-05,synthetic_analytical
0.019,152,6.269759869,1e-05,synthetic_analytical
0.02,152,6.556451466,1e-05,synthetic_analytical
0.021,152,6.836672636,1e-05,synthetic_analytical
0.022,152,7.110146836,1e-05,synthetic_analytical
0.023,152,7.376604179,1e-05,synthetic_analytical
0.024,152,7.635781705,1e-05,synthetic_analytical
0.025,152,7.887423636,1e-05,synthetic_analytical
0.026,152,8.131281632,1e-05,synthetic_analytical
0.027,152,8.367115035,1e-05,synthetic_analytical
0.028,152,8.594691106,1e-05,synthetic_analytical
0.029,152,8.813785254,1e-05,synthetic_analytical
0.03,152,9.02418126,1e-05,synthetic_analytical
0.031,152,9.225671488,1e-05,synthetic_analytical
0.032,152,9.418057093,1e-05,synthetic_analytical
0.033,152,9.601148213,1e-05,synthetic_analytical
0.034,152,9.774764158,1e-05,synthetic_analytical
0.035,152,9.938733591,1e-05,synthetic_analytical
0.036,152,10.09289469,1e-05,synthetic_analytical
0.037,152,10.23709533,1e-05,synthetic_analytical
0.038,152,10.37119319,1e-05,synthetic_analytical
0.039,152,10.49505593,1e-05,synthetic_analytical
0.04,152,10.60856132,1e-05,synthetic_analytical
0.041,152,10.71159734,1e-05,synthetic_analytical
0.042,152,10.8040623,1e-05,synthetic_analytical
0.043,152,10.88586496,1e-05,synthetic_analytical
0.044,152,10.95692459,1e-05,synthetic_analytical
0.045,152,11.01717106,1e-05,synthetic_analytical
0.046,152,11.0665449,1e-05,synthetic_analytical
0.047,152,11.10499741,1e-05,synthetic_analytical
0.048,152,11.13249062,1e-05,synthetic_analytical
0.049,152,11.14899741,1e-05,synthetic_analytical
0.05,152,11.15450148,1e-05,synthetic_analytical
0.051,152,11.14899741,1e-05,synthetic_analytical
0.052,152,11.13249062,1e-05,synthetic_analytical
0.053,152,11.10499741,1e-05,synthetic_analytical
0.054,152,11.0665449,1e-05,synthetic_analytical
0.055,152,11.01717106,1e-05,synthetic_analytical
0.056,152,10.95692459,1e-05,synthetic_analytical
0.057,152,10.88586496,1e-05,synthetic_analytical
0.058,152,10.8040623,1e-05,synthetic_analytical
0.059,152,10.71159734,1e-05,synthetic_analytical
0.06,152,10.60856132,1e-05,synthetic_analytical
0.061,152,10.49505593,1e-05,synthetic_analytical
0.062,152,10.37119319,1e-05,synthetic_analytical
0.063,152,10.23709533,1e-05,synthetic_analytical
0.064,152,10.09289469,1e-05,synthetic_analytical
0.065,152,9.938733591,1e-05,synthetic_analytical
0.066,152,9.774764158,1e-05,synthetic_analytical
0.067,152,9.601148213,1e-05,synthetic_analytical
0.068,152,9.418057093,1e-05,synthetic_analytical
0.069,152,9.225671488,1e-05,synthetic_analytical
0.07,152,9.02418126,1e-05,synthetic_analytical
0.071,152,8.813785254,1e-05,synthetic_analytical
0.072,152,8.594691106,1e-05,synthetic_analytical
0.073,152,8.367115035,1e-05,synthetic_analytical
0.074,152,8.131281632,1e-05,synthetic_analytical
0.075,152,7.887423636,1e-05,synthetic_analytical
0.076,152,7.635781705,1e-05,synthetic_analytical
0.077,152,7.376604179,1e-05,synthetic_analytical
0.078,152,7.110146836,1e-05,synthetic_analytical
0.079,152,6.836672636,1e-05,synthetic_analytical
0.08,152,6.556451466,1e-05,synthetic_analytical
0.081,152,6.269759869,1e-05,synthetic_analytical
0.082,152,5.976880777,1e-05,synthetic_analytical
0.083,152,5.678103225,1e-05,synthetic_analytical
0.084,152,5.37372207,1e-05,synthetic_analytical
0.085,152,5.0640377,1e-05,synthetic_analytical
0.086,152,4.749355737,1e-05,synthetic_analytical
0.087,152,4.429986733,1e-05,synthetic_analytical
0.088,152,4.106245867,1e-05,synthetic_analytical
0.089,152,3.778452632,1e-05,synthetic_analytical
0.09,152,3.446930521,1e-05,synthetic_analytical
0.091,152,3.112006705,1e-05,synthetic_analytical
0.092,152,2.774011714,1e-05,synthetic_analytical
0.093,152,2.433279109,1e-05,synthetic_analytical
0.094,152,2.090145151,1e-05,synthetic_analytical
0.095,152,1.744948472,1e-05,synthetic_analytical
0.096,152,1.398029739,1e-05,synthetic_analytical
0.097,152,1.04973132,1e-05,synthetic_analytical
0.098,152,0.7003969429,1e-05,synthetic_analytical
0.099,152,0.3503713586,1e-05,synthetic_analytical
0.1,152,1.366032453e-15,1e-05,synthetic_analytical
0,156,0,1e-05,synthetic_analytical
0.001,156,0.3368087288,1e-05,synthetic_analytical
0.002,156,0.673285068,1e-05,synthetic_analytical
0.003,156,1.009096956,1e-05,synthetic_analytical
0.004,156,1.343912988,1e-05,synthetic_analytical
0.005,156,1.677402739,1e-05,synthetic_analytical
0.006,156,2.009237096,1e-05,synthetic_analytical
0.007,156,2.339088579,1e-05,synthetic_analytical
0.008,156,2.666631664,1e-05,synthetic_analytical
0.009,156,2.991543106,1e-05,synthetic_analytical
0.01,156,3.313502255,1e-05,synthetic_analytical
0.011,156,3.632191378,1e-05,synthetic_analytical
0.012,156,3.947295967,1e-05,synthetic_analytical
0.013,156,4.258505051,1e-05,synthetic_analytical
0.014,156,4.565511505,1e-05,synthetic_analytical
0.015,156,4.86801235,1e-05,synthetic_analytical
0.016,156,5.165709054,1e-05,synthetic_analytical
0.017,156,5.458307827,1e-05,synthetic_analytical
0.018,156,5.74551991,1e-05,synthetic_analytical
0.019,156,6.027061858,1e-05,synthetic_analytical
0.02,156,6.302655824,1e-05,synthetic_analytical
0.021,156,6.572029829,1e-05,synthetic_analytical
0.022,156,6.834918034,1e-05,synthetic_analytical
0.023,156,7.091061001,1e-05,synthetic_analytical
0.024,156,7.340205946,1e-05,synthetic_analytical
0.025,156,7.582106994,1e-05,synthetic_analytical
0.026,156,7.816525418,1e-05,synthetic_analytical
0.027,156,8.043229875,1e-05,synthetic_analytical
0.028,156,8.261996635,1e-05,synthetic_analytical
0.029,156,8.472609803,1e-05,synthetic_analytical
0.03,156,8.674861527,1e-05,synthetic_analytical
0.031,156,8.86855221,1e-05,synthetic_analytical
0.032,156,9.053490703,1e-05,synthetic_analytical
0.033,156,9.229494493,1e-05,synthetic_analytical
0.034,156,9.396389887,1e-05,synthetic_analytical
0.035,156,9.554012178,1e-05,synthetic_analytical
0.036,156,9.702205813,1e-05,synthetic_analytical
0.037,156,9.840824542,1e-05,synthetic_analytical
0.038,156,9.969731565,1e-05,synthetic_analytical
0.039,156,10.08879967,1e-05,synthetic_analytical
0.04,156,10.19791134,1e-05,synthetic_analytical
0.041,156,10.29695891,1e-05,synthetic_analytical
0.042,156,10.38584462,1e-05,synthetic_analytical
0.043,156,10.46448076,1e-05,synthetic_analytical
0.044,156,10.53278972,1e-05,synthetic_analytical
0.045,156,10.59070408,1e-05,synthetic_analytical
0.046,156,10.6381667,1e-05,synthetic_analytical
0.047,156,10.67513074,1e-05,synthetic_analytical
0.048,156,10.70155971,1e-05,synthetic_analytical
0.049,156,10.71742753,1e-05,synthetic_analytical
0.05,156,10.72271854,1e-05,synthetic_analytical
0.051,156,10.71742753,1e-05,synthetic_analytical
0.052,156,10.70155971,1e-05,synthetic_analytical
0.053,156,10.67513074,1e-05,synthetic_analytical
0.054,156,10.6381667,1e-05,synthetic_analytical
0.055,156,10.59070408,1e-05,synthetic_analytical
0.056,156,10.53278972,1e-05,synthetic_analytical
0.057,156,10.46448076,1e-05,synthetic_analytical
0.058,156,10.38584462,1e-05,synthetic_analytical
0.059,156,10.29695891,1e-05,synthetic_analytical
0.06,156,10.19791134,1e-05,synthetic_analytical
0.061,156,10.08879967,1e-05,synthetic_analytical
0.062,156,9.969731565,1e-05,synthetic_analytical
0.063,156,9.840824542,1e-05,synthetic_analytical
0.064,156,9.702205813,1e-05,synthetic_analytical
0.065,156,9.554012178,1e-05,synthetic_analytical
0.066,156,9.396389887,1e-05,synthetic_analytical
0.067,156,9.229494493,1e-05,synthetic_analytical
0.068,156,9.053490703,1e-05,synthetic_analytical
0.069,156,8.86855221,1e-05,synthetic_analytical
0.07,156,8.674861527,1e-05,synthetic_analytical
0.071,156,8.472609803,1e-05,synthetic_analytical
0.072,156,8.261996635,1e-05,synthetic_analytical
0.073,156,8.043229875,1e-05,synthetic_analytical
0.074,156,7.816525418,1e-05,synthetic_analytical
0.075,156,7.582106994,1e-05,synthetic_analytical
0.076,156,7.340205946,1e-05,synthetic_analytical
0.077,156,7.091061001,1e-05,synthetic_analytical
0.078,156,6.834918034,1e-05,synthetic_analytical
0.079,156,6.572029829,1e-05,synthetic_analytical
0.08,156,6.302655824,1e-05,synthetic_analytical
0.081,156,6.027061858,1e-05,synthetic_analytical
0.082,156,5.74551991,1e-05,synthetic_analytical
0.083,156,5.458307827,1e-05,synthetic_analytical
0.084,156,5.165709054,1e-05,synthetic_analytical
0.085,156,4.86801235,1e-05,synthetic_analytical
0.086,156,4.565511505,1e-05,synthetic_analytical
0.087,156,4.258505051,1e-05,synthetic_analytical
0.088,156,3.947295967,1e-05,synthetic_analytical
0.089,156,3.632191378,1e-05,synthetic_analytical
0.09,156,3.313502255,1e-05,synthetic_analytical
0.091,156,2.991543106,1e-05,synthetic_analytical
0.092,156,2.666631664,1e-05,synthetic_analytical
0.093,156,2.339088579,1e-05,synthetic_analytical
0.094,156,2.009237096,1e-05,synthetic_analytical
0.095,156,1.677402739,1e-05,synthetic_analytical
0.096,156,1.343912988,1e-05,synthetic_analytical
0.097,156,1.009096956,1e-05,synthetic_analytical
0.098,156,0.673285068,1e-05,synthetic_analytical
0.099,156,0.3368087288,1e-05,synthetic_analytical
0.1,156,1.313154294e-15,1e-05,synthetic_analytical
0,160,0,1e-05,synthetic_analytical
0.001,160,0.3237710989,1e-05,synthetic_analytical
0.002,160,0.6472226748,1e-05,synthetic_analytical
0.003,160,0.9700355201,1e-05,synthetic_analytical
0.004,160,1.291891057,1e-05,synthetic_analytical
0.005,160,1.612471654,1e-05,synthetic_analytical
0.006,160,1.931460936,1e-05,synthetic_analytical
0.007,160,2.2485441,1e-05,synthetic_analytical
0.008,160,2.563408221,1e-05,synthetic_analytical
0.009,160,2.875742568,1e-05,synthetic_analytical
0.01,160,3.185238905,1e-05,synthetic_analytical
0.011,160,3.491591795,1e-05,synthetic_analytical
0.012,160,3.794498906,1e-05,synthetic_analytical
0.013,160,4.093661304,1e-05,synthetic_analytical
0.014,160,4.388783753,1e-05,synthetic_analytical
0.015,160,4.679575003,1e-05,synthetic_analytical
0.016,160,4.965748076,1e-05,synthetic_analytical
0.017,160,5.247020556,1e-05,synthetic_analytical
0.018,160,5.52311486,1e-05,synthetic_analytical
0.019,160,5.793758517,1e-05,synthetic_analytical
0.02,160,6.058684433,1e-05,synthetic_analytical
0.021,160,6.317631159,1e-05,synthetic_analytical
0.022,160,6.570343146,1e-05,synthetic_analytical
0.023,160,6.816570998,1e-05,synthetic_analytical
0.024,160,7.056071717,1e-05,synthetic_analytical
0.025,160,7.288608945,1e-05,synthetic_analytical
0.026,160,7.513953196,1e-05,synthetic_analytical
0.027,160,7.731882083,1e-05,synthetic_analytical
0.028,160,7.942180535,1e-05,synthetic_analytical
0.029,160,8.144641014,1e-05,synthetic_analytical
0.03,160,8.339063716,1e-05,synthetic_analytical
0.031,160,8.525256768,1e-05,synthetic_analytical
0.032,160,8.703036421,1e-05,synthetic_analytical
0.033,160,8.872227229,1e-05,synthetic_analytical
0.034,160,9.032662219,1e-05,synthetic_analytical
0.035,160,9.184183062,1e-05,synthetic_analytical
0.036,160,9.326640225,1e-05,synthetic_analytical
0.037,160,9.45989312,1e-05,synthetic_analytical
0.038,160,9.583810243,1e-05,synthetic_analytical
0.039,160,9.698269302,1e-05,synthetic_analytical
0.04,160,9.80315734,1e-05,synthetic_analytical
0.041,160,9.898370845,1e-05,synthetic_analytical
0.042,160,9.983815854,1e-05,synthetic_analytical
0.043,160,10.05940804,1e-05,synthetic_analytical
0.044,160,10.12507281,1e-05,synthetic_analytical
0.045,160,10.18074535,1e-05,synthetic_analytical
0.046,160,10.22637073,1e-05,synthetic_analytical
0.047,160,10.26190391,1e-05,synthetic_analytical
0.048,160,10.28730983,1e-05,synthetic_analytical
0.049,160,10.30256342,1e-05,synthetic_analytical
0.05,160,10.30764962,1e-05,synthetic_analytical
0.051,160,10.30256342,1e-05,synthetic_analytical
0.052,160,10.28730983,1e-05,synthetic_analytical
0.053,160,10.26190391,1e-05,synthetic_analytical
0.054,160,10.22637073,1e-05,synthetic_analytical
0.055,160,10.18074535,1e-05,synthetic_analytical
0.056,160,10.12507281,1e-05,synthetic_analytical
0.057,160,10.05940804,1e-05,synthetic_analytical
0.058,160,9.983815854,1e-05,synthetic_analytical
0.059,160,9.898370845,1e-05,synthetic_analytical
0.06,160,9.80315734,1e-05,synthetic_analytical
0.061,160,9.698269302,1e-05,synthetic_analytical
0.062,160,9.583810243,1e-05,synthetic_analytical
0.063,160,9.45989312,1e-05,synthetic_analytical
0.064,160,9.326640225,1e-05,synthetic_analytical
0.065,160,9.184183062,1e-05,synthetic_analytical
0.066,160,9.032662219,1e-05,synthetic_analytical
0.067,160,8.872227229,1e-05,synthetic_analytical
0.068,160,8.703036421,1e-05,synthetic_analytical
0.069,160,8.525256768,1e-05,synthetic_analytical
0.07,160,8.339063716,1e-05,synthetic_analytical
0.071,160,8.144641014,1e-05,synthetic_analytical
0.072,160,7.942180535,1e-05,synthetic_analytical
0.073,160,7.731882083,1e-05,synthetic_analytical
0.074,160,7.513953196,1e-05,synthetic_analytical
0.075,160,7.288608945,1e-05,synthetic_analytical
0.076,160,7.056071717,1e-05,synthetic_analytical
0.077,160,6.816570998,1e-05,synthetic_analytical
0.078,160,6.570343146,1e-05,synthetic_analytical
0.079,160,6.317631159,1e-05,synthetic_analytical
0.08,160,6.058684433,1e-05,synthetic_analytical
0.081,160,5.793758517,1e-05,synthetic_analytical
0.082,160,5.52311486,1e-05,synthetic_analytical
0.083,160,5.247020556,1e-05,synthetic_analytical
0.084,160,4.965748076,1e-05,synthetic_analytical
0.085,160,4.679575003,1e-05,synthetic_analytical
0.086,160,4.388783753,1e-05,synthetic_analytical
0.087,160,4.093661304,1e-05,synthetic_analytical
0.088,160,3.794498906,1e-05,synthetic_analytical
0.089,160,3.491591795,1e-05,synthetic_analytical
0.09,160,3.185238905,1e-05,synthetic_analytical
0.091,160,2.875742568,1e-05,synthetic_analytical
0.092,160,2.563408221,1e-05,synthetic_analytical
0.093,160,2.2485441,1e-05,synthetic_analytical
0.094,160,1.931460936,1e-05,synthetic_analytical
0.095,160,1.612471654,1e-05,synthetic_analytical
0.096,160,1.291891057,1e-05,synthetic_analytical
0.097,160,0.9700355201,1e-05,synthetic_analytical
0.098,160,0.6472226748,1e-05,synthetic_analytical
0.099,160,0.3237710989,1e-05,synthetic_analytical
0.1,160,1.262323012e-15,1e-05,synthetic_analytical
0,164,0,1e-05,synthetic_analytical
0.001,164,0.3112381465,1e-05,synthetic_analytical
0.002,164,0.6221691386,1e-05,synthetic_analytical
0.003,164,0.9324861249,1e-05,synthetic_analytical
0.004,164,1.24188286,1e-05,synthetic_analytical
0.005,164,1.550054006,1e-05,synthetic_analytical
0.006,164,1.856695437,1e-05,synthetic_analytical
0.007,164,2.161504533,1e-05,synthetic_analytical
0.008,164,2.464180485,1e-05,synthetic_analytical
0.009,164,2.764424589,1e-05,synthetic_analytical
0.01,164,3.061940539,1e-05,synthetic_analytical
0.011,164,3.356434724,1e-05,synthetic_analytical
0.012,164,3.647616512,1e-05,synthetic_analytical
0.013,164,3.935198544,1e-05,synthetic_analytical
0.014,164,4.21889701,1e-05,synthetic_analytical
0.015,164,4.498431933,1e-05,synthetic_analytical
0.016,164,4.773527448,1e-05,synthetic_analytical
0.017,164,5.043912067,1e-05,synthetic_analytical
0.018,164,5.309318954,1e-05,synthetic_analytical
0.019,164,5.569486184,1e-05,synthetic_analytical
0.02,164,5.824157004,1e-05,synthetic_analytical
0.021,164,6.073080084,1e-05,synthetic_analytical
0.022,164,6.316009767,1e-05,synthetic_analytical
0.023,164,6.552706311,1e-05,synthetic_analytical
0.024,164,6.782936125,1e-05,synthetic_analytical
0.025,164,7.006472,1e-05,synthetic_analytical
0.026,164,7.223093333,1e-05,synthetic_analytical
0.027,164,7.432586345,1e-05,synthetic_analytical
0.028,164,7.634744292,1e-05,synthetic_analytical
0.029,164,7.829367667,1e-05,synthetic_analytical
0.03,164,8.016264403,1e-05,synthetic_analytical
0.031,164,8.195250052,1e-05,synthetic_analytical
0.032,164,8.36614798,1e-05,synthetic_analytical
0.033,164,8.52878953,1e-05,synthetic_analytical
0.034,164,8.683014194,1e-05,synthetic_analytical
0.035,164,8.828669771,1e-05,synthetic_analytical
0.036,164,8.965612517,1e-05,synthetic_analytical
0.037,164,9.093707286,1e-05,synthetic_analytical
0.038,164,9.212827664,1e-05,synthetic_analytical
0.039,164,9.322856093,1e-05,synthetic_analytical
0.04,164,9.423683989,1e-05,synthetic_analytical
0.041,164,9.515211846,1e-05,synthetic_analytical
0.042,164,9.597349338,1e-05,synthetic_analytical
0.043,164,9.670015405,1e-05,synthetic_analytical
0.044,164,9.733138334,1e-05,synthetic_analytical
0.045,164,9.786655831,1e-05,synthetic_analytical
0.046,164,9.83051508,1e-05,synthetic_analytical
0.047,164,9.864672798,1e-05,synthetic_analytical
0.048,164,9.889095274,1e-05,synthetic_analytical
0.049,164,9.903758408,1e-05,synthetic_analytical
0.05,164,9.908647727,1e-05,synthetic_analytical
0.051,164,9.903758408,1e-05,synthetic_analytical
0.052,164,9.889095274,1e-05,synthetic_analytical
0.053,164,9.864672798,1e-05,synthetic_analytical
0.054,164,9.83051508,1e-05,synthetic_analytical
0.055,164,9.786655831,1e-05,synthetic_analytical
0.056,164,9.733138334,1e-05,synthetic_analytical
0.057,164,9.670015405,1e-05,synthetic_analytical
0.058,164,9.597349338,1e-05,synthetic_analytical
0.059,164,9.515211846,1e-05,synthetic_analytical
0.06,164,9.423683989,1e-05,synthetic_analytical
0.061,164,9.322856093,1e-05,synthetic_analytical
0.062,164,9.212827664,1e-05,synthetic_analytical
0.063,164,9.093707286,1e-05,synthetic_analytical
0.064,164,8.965612517,1e-05,synthetic_analytical
0.065,164,8.828669771,1e-05,synthetic_analytical
0.066,164,8.683014194,1e-05,synthetic_analytical
0.067,164,8.52878953,1e-05,synthetic_analytical
0.068,164,8.36614798,1e-05,synthetic_analytical
0.069,164,8.195250052,1e-05,synthetic_analytical
0.07,164,8.016264403,1e-05,synthetic_analytical
0.071,164,7.829367667,1e-05,synthetic_analytical
0.072,164,7.634744292,1e-05,synthetic_analytical
0.073,164,7.432586345,1e-05,synthetic_analytical
0.074,164,7.223093333,1e-05,synthetic_analytical
0.075,164,7.006472,1e-05,synthetic_analytical
0.076,164,6.782936125,1e-05,synthetic_analytical
0.077,164,6.552706311,1e-05,synthetic_analytical
0.078,164,6.316009767,1e-05,synthetic_analytical
0.079,164,6.073080084,1e-05,synthetic_analytical
0.08,164,5.824157004,1e-05,synthetic_analytical
0.081,164,5.569486184,1e-05,synthetic_analytical
0.082,164,5.309318954,1e-05,synthetic_analytical
0.083,164,5.043912067,1e-05,synthetic_analytical
0.084,164,4.773527448,1e-05,synthetic_analytical
0.085,164,4.498431933,1e-05,synthetic_analytical
0.086,164,4.21889701,1e-05,synthetic_analytical
0.087,164,3.935198544,1e-05,synthetic_analytical
0.088,164,3.647616512,1e-05,synthetic_analytical
0.089,164,3.356434724,1e-05,synthetic_analytical
0.09,164,3.061940539,1e-05,synthetic_analytical
0.091,164,2.764424589,1e-05,synthetic_analytical
0.092,164,2.464180485,1e-05,synthetic_analytical
0.093,164,2.161504533,1e-05,synthetic_analytical
0.094,164,1.856695437,1e-05,synthetic_analytical
0.095,164,1.550054006,1e-05,synthetic_analytical
0.096,164,1.24188286,1e-05,synthetic_analytical
0.097,164,0.9324861249,1e-05,synthetic_analytical
0.098,164,0.6221691386,1e-05,synthetic_analytical
0.099,164,0.3112381465,1e-05,synthetic_analytical
0.1,164,1.213459372e-15,1e-05,synthetic_analytical
0,168,0,1e-05,synthetic_analytical
0.001,168,0.299190336,1e-05,synthetic_analytical
0.002,168,0.5980854072,1e-05,synthetic_analytical
0.003,168,0.8963902404,1e-05,synthetic_analytical
0.004,168,1.193810445,1e-05,synthetic_analytical
0.005,168,1.490052502,1e-05,synthetic_analytical
0.006,168,1.784824058,1e-05,synthetic_analytical
0.007,168,2.077834207,1e-05,synthetic_analytical
0.008,168,2.368793785,1e-05,synthetic_analytical
0.009,168,2.65741565,1e-05,synthetic_analytical
0.01,168,2.943414966,1e-05,synthetic_analytical
0.011,168,3.226509487,1e-05,synthetic_analytical
0.012,168,3.506419833,1e-05,synthetic_analytical
0.013,168,3.782869766,1e-05,synthetic_analytical
0.014,168,4.055586463,1e-05,synthetic_analytical
0.015,168,4.324300785,1e-05,synthetic_analytical
0.016,168,4.588747545,1e-05,synthetic_analytical
0.017,168,4.848665765,1e-05,synthetic_analytical
0.018,168,5.103798938,1e-05,synthetic_analytical
0.019,168,5.353895277,1e-05,synthetic_analytical
0.02,168,5.598707968,1e-05,synthetic_analytical
0.021,168,5.83799541,1e-05,synthetic_analytical
0.022,168,6.071521455,1e-05,synthetic_analytical
0.023,168,6.299055642,1e-05,synthetic_analytical
0.024,168,6.520373421,1e-05,synthetic_analytical
0.025,168,6.735256379,1e-05,synthetic_analytical
0.026,168,6.943492452,1e-05,synthetic_analytical
0.027,168,7.144876136,1e-05,synthetic_analytical
0.028,168,7.33920869,1e-05,synthetic_analytical
0.029,168,7.526298331,1e-05,synthetic_analytical
0.03,168,7.705960425,1e-05,synthetic_analytical
0.031,168,7.878017666,1e-05,synthetic_analytical
0.032,168,8.042300254,1e-05,synthetic_analytical
0.033,168,8.198646063,1e-05,synthetic_analytical
0.034,168,8.346900798,1e-05,synthetic_analytical
0.035,168,8.48691815,1e-05,synthetic_analytical
0.036,168,8.618559939,1e-05,synthetic_analytical
0.037,168,8.741696249,1e-05,synthetic_analytical
0.038,168,8.85620556,1e-05,synthetic_analytical
0.039,168,8.961974866,1e-05,synthetic_analytical
0.04,168,9.058899785,1e-05,synthetic_analytical
0.041,168,9.146884663,1e-05,synthetic_analytical
0.042,168,9.22584267,1e-05,synthetic_analytical
0.043,168,9.295695885,1e-05,synthetic_analytical
0.044,168,9.35637537,1e-05,synthetic_analytical
0.045,168,9.407821242,1e-05,synthetic_analytical
0.046,168,9.44998273,1e-05,synthetic_analytical
0.047,168,9.482818226,1e-05,synthetic_analytical
0.048,168,9.506295326,1e-05,synthetic_analytical
0.049,168,9.520390859,1e-05,synthetic_analytical
0.05,168,9.525090917,1e-05,synthetic_analytical
0.051,168,9.520390859,1e-05,synthetic_analytical
0.052,168,9.506295326,1e-05,synthetic_analytical
0.053,168,9.482818226,1e-05,synthetic_analytical
0.054,168,9.44998273,1e-05,synthetic_analytical
0.055,168,9.407821242,1e-05,synthetic_analytical
0.056,168,9.35637537,1e-05,synthetic_analytical
0.057,168,9.295695885,1e-05,synthetic_analytical
0.058,168,9.22584267,1e-05,synthetic_analytical
0.059,168,9.146884663,1e-05,synthetic_analytical
0.06,168,9.058899785,1e-05,synthetic_analytical
0.061,168,8.961974866,1e-05,synthetic_analytical
0.062,168,8.85620556,1e-05,synthetic_analytical
0.063,168,8.741696249,1e-05,synthetic_analytical
0.064,168,8.618559939,1e-05,synthetic_analytical
0.065,168,8.48691815,1e-05,synthetic_analytical
0.066,168,8.346900798,1e-05,synthetic_analytical
0.067,168,8.198646063,1e-05,synthetic_analytical
0.068,168,8.042300254,1e-05,synthetic_analytical
0.069,168,7.878017666,1e-05,synthetic_analytical
0.07,168,7.705960425,1e-05,synthetic_analytical
0.071,168,7.526298331,1e-05,synthetic_analytical
0.072,168,7.33920869,1e-05,synthetic_analytical
0.073,168,7.144876136,1e-05,synthetic_analytical
0.074,168,6.943492452,1e-05,synthetic_analytical
0.075,168,6.735256379,1e-05,synthetic_analytical
0.076,168,6.520373421,1e-05,synthetic_analytical
0.077,168,6.299055642,1e-05,synthetic_analytical
0.078,168,6.071521455,1e-05,synthetic_analytical
0.079,168,5.83799541,1e-05,synthetic_analytical
0.08,168,5.598707968,1e-05,synthetic_analytical
0.081,168,5.353895277,1e-05,synthetic_analytical
0.082,168,5.103798938,1e-05,synthetic_analytical
0.083,168,4.848665765,1e-05,synthetic_analytical
0.084,168,4.588747545,1e-05,synthetic_analytical
0.085,168,4.324300785,1e-05,synthetic_analytical
0.086,168,4.055586463,1e-05,synthetic_analytical
0.087,168,3.782869766,1e-05,synthetic_analytical
0.088,168,3.506419833,1e-05,synthetic_analytical
0.089,168,3.226509487,1e-05,synthetic_analytical
0.09,168,2.943414966,1e-05,synthetic_analytical
0.091,168,2.65741565,1e-05,synthetic_analytical
0.092,168,2.368793785,1e-05,synthetic_analytical
0.093,168,2.077834207,1e-05,synthetic_analytical
0.094,168,1.784824058,1e-05,synthetic_analytical
0.095,168,1.490052502,1e-05,synthetic_analytical
0.096,168,1.193810445,1e-05,synthetic_analytical
0.097,168,0.8963902404,1e-05,synthetic_analytical
0.098,168,0.5980854072,1e-05,synthetic_analytical
0.099,168,0.299190336,1e-05,synthetic_analytical
0.1,168,1.16648721e-15,1e-05,synthetic_analytical
0,172,0,1e-05,synthetic_analytical
0.001,172,0.2876088877,1e-05,synthetic_analytical
0.002,172,0.5749339402,1e-05,synthetic_analytical
0.003,172,0.8616916023,1e-05,synthetic_analytical
0.004,172,1.147598879,1e-05,synthetic_analytical
0.005,172,1.432373614,1e-05,synthetic_analytical
0.006,172,1.715734769,1e-05,synthetic_analytical
0.007,172,1.997402701,1e-05,synthetic_analytical
0.008,172,2.277099438,1e-05,synthetic_analytical
0.009,172,2.554548952,1e-05,synthetic_analytical
0.01,172,2.829477435,1e-05,synthetic_analytical
0.011,172,3.101613566,1e-05,synthetic_analytical
0.012,172,3.370688778,1e-05,synthetic_analytical
0.013,172,3.636437528,1e-05,synthetic_analytical
0.014,172,3.898597553,1e-05,synthetic_analytical
0.015,172,4.156910132,1e-05,synthetic_analytical
0.016,172,4.411120343,1e-05,synthetic_analytical
0.017,172,4.660977311,1e-05,synthetic_analytical
0.018,172,4.906234457,1e-05,synthetic_analytical
0.019,172,5.146649742,1e-05,synthetic_analytical
0.02,172,5.381985905,1e-05,synthetic_analytical
0.021,172,5.612010698,1e-05,synthetic_analytical
0.022,172,5.836497114,1e-05,synthetic_analytical
0.023,172,6.055223612,1e-05,synthetic_analytical
0.024,172,6.267974335,1e-05,synthetic_analytical
0.025,172,6.474539324,1e-05,synthetic_analytical
0.026,172,6.674714724,1e-05,synthetic_analytical
0.027,172,6.868302987,1e-05,synthetic_analytical
0.028,172,7.055113064,1e-05,synthetic_analytical
0.029,172,7.234960597,1e-05,synthetic_analytical
0.03,172,7.407668096,1e-05,synthetic_analytical
0.031,172,7.573065122,1e-05,synthetic_analytical
0.032,172,7.730988447,1e-05,synthetic_analytical
0.033,172,7.881282219,1e-05,synthetic_analytical
0.034,172,8.023798117,1e-05,synthetic_analytical
0.035,172,8.158395496,1e-05,synthetic_analytical
0.036,172,8.284941523,1e-05,synthetic_analytical
0.037,172,8.403311313,1e-05,synthetic_analytical
0.038,172,8.513388049,1e-05,synthetic_analytical
0.039,172,8.615063099,1e-05,synthetic_analytical
0.04,172,8.708236122,1e-05,synthetic_analytical
0.041,172,8.792815167,1e-05,synthetic_analytical
0.042,172,8.868716765,1e-05,synthetic_analytical
0.043,172,8.935866011,1e-05,synthetic_analytical
0.044,172,8.994196635,1e-05,synthetic_analytical
0.045,172,9.043651074,1e-05,synthetic_analytical
0.046,172,9.08418052,1e-05,synthetic_analytical
0.047,172,9.115744978,1e-05,synthetic_analytical
0.048,172,9.138313295,1e-05,synthetic_analytical
0.049,172,9.1518632,1e-05,synthetic_analytical
0.05,172,9.156381322,1e-05,synthetic_analytical
0.051,172,9.1518632,1e-05,synthetic_analytical
0.052,172,9.138313295,1e-05,synthetic_analytical
0.053,172,9.115744978,1e-05,synthetic_analytical
0.054,172,9.08418052,1e-05,synthetic_analytical
0.055,172,9.043651074,1e-05,synthetic_analytical
0.056,172,8.994196635,1e-05,synthetic_analytical
0.057,172,8.935866011,1e-05,synthetic_analytical
0.058,172,8.868716765,1e-05,synthetic_analytical
0.059,172,8.792815167,1e-05,synthetic_analytical
0.06,172,8.708236122,1e-05,synthetic_analytical
0.061,172,8.615063099,1e-05,synthetic_analytical
0.062,172,8.513388049,1e-05,synthetic_analytical
0.063,172,8.403311313,1e-05,synthetic_analytical
0.064,172,8.284941523,1e-05,synthetic_analytical
0.065,172,8.158395496,1e-05,synthetic_analytical
0.066,172,8.023798117,1e-05,synthetic_analytical
0.067,172,7.881282219,1e-05,synthetic_analytical
0.068,172,7.730988447,1e-05,synthetic_analytical
0.069,172,7.573065122,1e-05,synthetic_analytical
0.07,172,7.407668096,1e-05,synthetic_analytical
0.071,172,7.234960597,1e-05,synthetic_analytical
0.072,172,7.055113064,1e-05,synthetic_analytical
0.073,172,6.868302987,1e-05,synthetic_analytical
0.074,172,6.674714724,1e-05,synthetic_analytical
0.075,172,6.474539324,1e-05,synthetic_analytical
0.076,172,6.267974335,1e-05,synthetic_analytical
0.077,172,6.055223612,1e-05,synthetic_analytical
0.078,172,5.836497114,1e-05,synthetic_analytical
0.079,172,5.612010698,1e-05,synthetic_analytical
0.08,172,5.381985905,1e-05,synthetic_analytical
0.081,172,5.146649742,1e-05,synthetic_analytical
0.082,172,4.906234457,1e-05,synthetic_analytical
0.083,172,4.660977311,1e-05,synthetic_analytical
0.084,172,4.411120343,1e-05,synthetic_analytical
0.085,172,4.156910132,1e-05,synthetic_analytical
0.086,172,3.898597553,1e-05,synthetic_analytical
0.087,172,3.636437528,1e-05,synthetic_analytical
0.088,172,3.370688778,1e-05,synthetic_analytical
0.089,172,3.101613566,1e-05,synthetic_analytical
0.09,172,2.829477435,1e-05,synthetic_analytical
0.091,172,2.554548952,1e-05,synthetic_analytical
0.092,172,2.277099438,1e-05,synthetic_analytical
0.093,172,1.997402701,1e-05,synthetic_analytical
0.094,172,1.715734769,1e-05,synthetic_analytical
0.095,172,1.432373614,1e-05,synthetic_analytical
0.096,172,1.147598879,1e-05,synthetic_analytical
0.097,172,0.8616916023,1e-05,synthetic_analytical
0.098,172,0.5749339402,1e-05,synthetic_analytical
0.099,172,0.2876088877,1e-05,synthetic_analytical
0.1,172,1.121333308e-15,1e-05,synthetic_analytical
0,176,0,1e-05,synthetic_analytical
0.001,176,0.2764757492,1e-05,synthetic_analytical
0.002,176,0.5526786503,1e-05,synthetic_analytical
0.003,176,0.8283361242,1e-05,synthetic_analytical
0.004,176,1.10317613,1e-05,synthetic_analytical
0.005,176,1.376927435,1e-05,synthetic_analytical
0.006,176,1.649319878,1e-05,synthetic_analytical
0.007,176,1.920084642,1e-05,synthetic_analytical
0.008,176,2.188954514,1e-05,synthetic_analytical
0.009,176,2.455664152,1e-05,synthetic_analytical
0.01,176,2.719950347,1e-05,synthetic_analytical
0.011,176,2.981552278,1e-05,synthetic_analytical
0.012,176,3.240211778,1e-05,synthetic_analytical
0.013,176,3.495673579,1e-05,synthetic_analytical
0.014,176,3.747685573,1e-05,synthetic_analytical
0.015,176,3.995999054,1e-05,synthetic_analytical
0.016,176,4.240368966,1e-05,synthetic_analytical
0.017,176,4.480554146,1e-05,synthetic_analytical
0.018,176,4.716317559,1e-05,synthetic_analytical
0.019,176,4.947426537,1e-05,synthetic_analytical
0.02,176,5.173653002,1e-05,synthetic_analytical
0.021,176,5.394773696,1e-05,synthetic_analytical
0.022,176,5.6105704,1e-05,synthetic_analytical
0.023,176,5.820830149,1e-05,synthetic_analytical
0.024,176,6.02534544,1e-05,synthetic_analytical
0.025,176,6.223914443,1e-05,synthetic_analytical
0.026,176,6.416341195,1e-05,synthetic_analytical
0.027,176,6.602435791,1e-05,synthetic_analytical
0.028,176,6.782014581,1e-05,synthetic_analytical
0.029,176,6.954900342,1e-05,synthetic_analytical
0.03,176,7.120922455,1e-05,synthetic_analytical
0.031,176,7.279917078,1e-05,synthetic_analytical
0.032,176,7.431727301,1e-05,synthetic_analytical
0.033,176,7.576203307,1e-05,synthetic_analytical
0.034,176,7.713202515,1e-05,synthetic_analytical
0.035,176,7.842589723,1e-05,synthetic_analytical
0.036,176,7.964237242,1e-05,synthetic_analytical
0.037,176,8.07802502,1e-05,synthetic_analytical
0.038,176,8.183840763,1e-05,synthetic_analytical
0.039,176,8.281580043,1e-05,synthetic_analytical
0.04,176,8.371146404,1e-05,synthetic_analytical
0.041,176,8.452451453,1e-05,synthetic_analytical
0.042,176,8.525414954,1e-05,synthetic_analytical
0.043,176,8.589964899,1e-05,synthetic_analytical
0.044,176,8.646037586,1e-05,synthetic_analytical
0.045,176,8.693577678,1e-05,synthetic_analytical
0.046,176,8.732538258,1e-05,synthetic_analytical
0.047,176,8.762880877,1e-05,synthetic_analytical
0.048,176,8.784575591,1e-05,synthetic_analytical
0.049,176,8.797600989,1e-05,synthetic_analytical
0.05,176,8.801944217,1e-05,synthetic_analytical
0.051,176,8.797600989,1e-05,synthetic_analytical
0.052,176,8.784575591,1e-05,synthetic_analytical
0.053,176,8.762880877,1e-05,synthetic_analytical
0.054,176,8.732538258,1e-05,synthetic_analytical
0.055,176,8.693577678,1e-05,synthetic_analytical
0.056,176,8.646037586,1e-05,synthetic_analytical
0.057,176,8.589964899,1e-05,synthetic_analytical
0.058,176,8.525414954,1e-05,synthetic_analytical
0.059,176,8.452451453,1e-05,synthetic_analytical
0.06,176,8.371146404,1e-05,synthetic_analytical
0.061,176,8.281580043,1e-05,synthetic_analytical
0.062,176,8.183840763,1e-05,synthetic_analytical
0.063,176,8.07802502,1e-05,synthetic_analytical
0.064,176,7.964237242,1e-05,synthetic_analytical
0.065,176,7.842589723,1e-05,synthetic_analytical
0.066,176,7.713202515,1e-05,synthetic_analytical
0.067,176,7.576203307,1e-05,synthetic_analytical
0.068,176,7.431727301,1e-05,synthetic_analytical
0.069,176,7.279917078,1e-05,synthetic_analytical
0.07,176,7.120922455,1e-05,synthetic_analytical
0.071,176,6.954900342,1e-05,synthetic_analytical
0.072,176,6.782014581,1e-05,synthetic_analytical
0.073,176,6.602435791,1e-05,synthetic_analytical
0.074,176,6.416341195,1e-05,synthetic_analytical
0.075,176,6.223914443,1e-05,synthetic_analytical
0.076,176,6.02534544,1e-05,synthetic_analytical
0.077,176,5.820830149,1e-05,synthetic_analytical
0.078,176,5.6105704,1e-05,synthetic_analytical
0.079,176,5.394773696,1e-05,synthetic_analytical
0.08,176,5.173653002,1e-05,synthetic_analytical
0.081,176,4.947426537,1e-05,synthetic_analytical
0.082,176,4.716317559,1e-05,synthetic_analytical
0.083,176,4.480554146,1e-05,synthetic_analytical
0.084,176,4.240368966,1e-05,synthetic_analytical
0.085,176,3.995999054,1e-05,synthetic_analytical
0.086,176,3.747685573,1e-05,synthetic_analytical
0.087,176,3.495673579,1e-05,synthetic_analytical
0.088,176,3.240211778,1e-05,synthetic_analytical
0.089,176,2.981552278,1e-05,synthetic_analytical
0.09,176,2.719950347,1e-05,synthetic_analytical
0.091,176,2.455664152,1e-05,synthetic_analytical
0.092,176,2.188954514,1e-05,synthetic_analytical
0.093,176,1.920084642,1e-05,synthetic_analytical
0.094,176,1.649319878,1e-05,synthetic_analytical
0.095,176,1.376927435,1e-05,synthetic_analytical
0.096,176,1.10317613,1e-05,synthetic_analytical
0.097,176,0.8283361242,1e-05,synthetic_analytical
0.098,176,0.5526786503,1e-05,synthetic_analytical
0.099,176,0.2764757492,1e-05,synthetic_analytical
0.1,176,1.077927281e-15,1e-05,synthetic_analytical
0,180,0,1e-05,synthetic_analytical
0.001,180,0.2657735667,1e-05,synthetic_analytical
0.002,180,0.531284847,1e-05,synthetic_analytical
0.003,180,0.7962718133,1e-05,synthetic_analytical
0.004,180,1.060472955,1e-05,synthetic_analytical
0.005,180,1.323627539,1e-05,synthetic_analytical
0.006,180,1.585475862,1e-05,synthetic_analytical
0.007,180,1.845759511,1e-05,synthetic_analytical
0.008,180,2.104221619,1e-05,synthetic_analytical
0.009,180,2.360607114,1e-05,synthetic_analytical
0.01,180,2.614662975,1e-05,synthetic_analytical
0.011,180,2.866138479,1e-05,synthetic_analytical
0.012,180,3.11478545,1e-05,synthetic_analytical
0.013,180,3.360358505,1e-05,synthetic_analytical
0.014,180,3.602615291,1e-05,synthetic_analytical
0.015,180,3.84131673,1e-05,synthetic_analytical
0.016,180,4.076227254,1e-05,synthetic_analytical
0.017,180,4.307115034,1e-05,synthetic_analytical
0.018,180,4.533752212,1e-05,synthetic_analytical
0.019,180,4.755915123,1e-05,synthetic_analytical
0.02,180,4.97338452,1e-05,synthetic_analytical
0.021,180,5.185945787,1e-05,synthetic_analytical
0.022,180,5.393389152,1e-05,synthetic_analytical
0.023,180,5.595509892,1e-05,synthetic_analytical
0.024,180,5.79210854,1e-05,synthetic_analytical
0.025,180,5.982991077,1e-05,synthetic_analytical
0.026,180,6.167969123,1e-05,synthetic_analytical
0.027,180,6.346860128,1e-05,synthetic_analytical
0.028,180,6.519487549,1e-05,synthetic_analytical
0.029,180,6.685681023,1e-05,synthetic_analytical
0.03,180,6.845276537,1e-05,synthetic_analytical
0.031,180,6.998116589,1e-05,synthetic_analytical
0.032,180,7.144050345,1e-05,synthetic_analytical
0.033,180,7.282933786,1e-05,synthetic_analytical
0.034,180,7.41462985,1e-05,synthetic_analytical
0.035,180,7.53900857,1e-05,synthetic_analytical
0.036,180,7.655947199,1e-05,synthetic_analytical
0.037,180,7.765330332,1e-05,synthetic_analytical
0.038,180,7.867050022,1e-05,synthetic_analytical
0.039,180,7.961005883,1e-05,synthetic_analytical
0.04,180,8.047105192,1e-05,synthetic_analytical
0.041,180,8.12526298,1e-05,synthetic_analytical
0.042,180,8.195402115,1e-05,synthetic_analytical
0.043,180,8.257453377,1e-05,synthetic_analytical
0.044,180,8.31135553,1e-05,synthetic_analytical
0.045,180,8.357055378,1e-05,synthetic_analytical
0.046,180,8.394507821,1e-05,synthetic_analytical
0.047,180,8.423675899,1e-05,synthetic_analytical
0.048,180,8.444530825,1e-05,synthetic_analytical
0.049,180,8.457052019,1e-05,synthetic_analytical
0.05,180,8.461227124,1e-05,synthetic_analytical
0.051,180,8.457052019,1e-05,synthetic_analytical
0.052,180,8.444530825,1e-05,synthetic_analytical
0.053,180,8.423675899,1e-05,synthetic_analytical
0.054,180,8.394507821,1e-05,synthetic_analytical
0.055,180,8.357055378,1e-05,synthetic_analytical
0.056,180,8.31135553,1e-05,synthetic_analytical
0.057,180,8.257453377,1e-05,synthetic_analytical
0.058,180,8.195402115,1e-05,synthetic_analytical
0.059,180,8.12526298,1e-05,synthetic_analytical
0.06,180,8.047105192,1e-05,synthetic_analytical
0.061,180,7.961005883,1e-05,synthetic_analytical
0.062,180,7.867050022,1e-05,synthetic_analytical
0.063,180,7.765330332,1e-05,synthetic_analytical
0.064,180,7.655947199,1e-05,synthetic_analytical
0.065,180,7.53900857,1e-05,synthetic_analytical
0.066,180,7.41462985,1e-05,synthetic_analytical
0.067,180,7.282933786,1e-05,synthetic_analytical
0.068,180,7.144050345,1e-05,synthetic_analytical
0.069,180,6.998116589,1e-05,synthetic_analytical
0.07,180,6.845276537,1e-05,synthetic_analytical
0.071,180,6.685681023,1e-05,synthetic_analytical
0.072,180,6.519487549,1e-05,synthetic_analytical
0.073,180,6.346860128,1e-05,synthetic_analytical
0.074,180,6.167969123,1e-05,synthetic_analytical
0.075,180,5.982991077,1e-05,synthetic_analytical
0.076,180,5.79210854,1e-05,synthetic_analytical
0.077,180,5.595509892,1e-05,synthetic_analytical
0.078,180,5.393389152,1e-05,synthetic_analytical
0.079,180,5.185945787,1e-05,synthetic_analytical
0.08,180,4.97338452,1e-05,synthetic_analytical
0.081,180,4.755915123,1e-05,synthetic_analytical
0.082,180,4.533752212,1e-05,synthetic_analytical
0.083,180,4.307115034,1e-05,synthetic_analytical
0.084,180,4.076227254,1e-05,synthetic_analytical
0.085,180,3.84131673,1e-05,synthetic_analytical
0.086,180,3.602615291,1e-05,synthetic_analytical
0.087,180,3.360358505,1e-05,synthetic_analytical
0.088,180,3.11478545,1e-05,synthetic_analytical
0.089,180,2.866138479,1e-05,synthetic_analytical
0.09,180,2.614662975,1e-05,synthetic_analytical
0.091,180,2.360607114,1e-05,synthetic_analytical
0.092,180,2.104221619,1e-05,synthetic_analytical
0.093,180,1.845759511,1e-05,synthetic_analytical
0.094,180,1.585475862,1e-05,synthetic_analytical
0.095,180,1.323627539,1e-05,synthetic_analytical
0.096,180,1.060472955,1e-05,synthetic_analytical
0.097,180,0.7962718133,1e-05,synthetic_analytical
0.098,180,0.531284847,1e-05,synthetic_analytical
0.099,180,0.2657735667,1e-05,synthetic_analytical
0.1,180,1.036201471e-15,1e-05,synthetic_analytical
0,184,0,1e-05,synthetic_analytical
0.001,184,0.2554856582,1e-05,synthetic_analytical
0.002,184,0.5107191828,1e-05,synthetic_analytical
0.003,184,0.7654486893,1e-05,synthetic_analytical
0.004,184,1.01942279,1e-05,synthetic_analytical
0.005,184,1.272390844,1e-05,synthetic_analytical
0.006,184,1.524103202,1e-05,synthetic_analytical
0.007,184,1.774311454,1e-05,synthetic_analytical
0.008,184,2.022768674,1e-05,synthetic_analytical
0.009,184,2.269229667,1e-05,synthetic_analytical
0.01,184,2.513451203,1e-05,synthetic_analytical
0.011,184,2.755192267,1e-05,synthetic_analytical
0.012,184,2.994214288,1e-05,synthetic_analytical
0.013,184,3.230281381,1e-05,synthetic_analytical
0.014,184,3.463160577,1e-05,synthetic_analytical
0.015,184,3.692622052,1e-05,synthetic_analytical
0.016,184,3.918439354,1e-05,synthetic_analytical
0.017,184,4.140389629,1e-05,synthetic_analytical
0.018,184,4.35825384,1e-05,synthetic_analytical
0.019,184,4.571816981,1e-05,synthetic_analytical
0.02,184,4.78086829,1e-05,synthetic_analytical
0.021,184,4.985201459,1e-05,synthetic_analytical
0.022,184,5.184614837,1e-05,synthetic_analytical
0.023,184,5.378911625,1e-05,synthetic_analytical
0.024,184,5.567900077,1e-05,synthetic_analytical
0.025,184,5.751393684,1e-05,synthetic_analytical
0.026,184,5.92921136,1e-05,synthetic_analytical
0.027,184,6.10117762,1e-05,synthetic_analytical
0.028,184,6.267122755,1e-05,synthetic_analytical
0.029,184,6.426882995,1e-05,synthetic_analytical
0.03,184,6.580300679,1e-05,synthetic_analytical
0.031,184,6.727224399,1e-05,synthetic_analytical
0.032,184,6.867509162,1e-05,synthetic_analytical
0.033,184,7.001016522,1e-05,synthetic_analytical
0.034,184,7.127614724,1e-05,synthetic_analytical
0.035,184,7.247178831,1e-05,synthetic_analytical
0.036,184,7.359590848,1e-05,synthetic_analytical
0.037,184,7.464739836,1e-05,synthetic_analytical
0.038,184,7.562522028,1e-05,synthetic_analytical
0.039,184,7.652840924,1e-05,synthetic_analytical
0.04,184,7.735607389,1e-05,synthetic_analytical
0.041,184,7.810739744,1e-05,synthetic_analytical
0.042,184,7.878163842,1e-05,synthetic_analytical
0.043,184,7.937813143,1e-05,synthetic_analytical
0.044,184,7.989628781,1e-05,synthetic_analytical
0.045,184,8.03355962,1e-05,synthetic_analytical
0.046,184,8.069562305,1e-05,synthetic_analytical
0.047,184,8.097601307,1e-05,synthetic_analytical
0.048,184,8.117648954,1e-05,synthetic_analytical
0.049,184,8.129685462,1e-05,synthetic_analytical
0.05,184,8.133698951,1e-05,synthetic_analytical
0.051,184,8.129685462,1e-05,synthetic_analytical
0.052,184,8.117648954,1e-05,synthetic_analytical
0.053,184,8.097601307,1e-05,synthetic_analytical
0.054,184,8.069562305,1e-05,synthetic_analytical
0.055,184,8.03355962,1e-05,synthetic_analytical
0.056,184,7.989628781,1e-05,synthetic_analytical
0.057,184,7.937813143,1e-05,synthetic_analytical
0.058,184,7.878163842,1e-05,synthetic_analytical
0.059,184,7.810739744,1e-05,synthetic_analytical
0.06,184,7.735607389,1e-05,synthetic_analytical
0.061,184,7.652840924,1e-05,synthetic_analytical
0.062,184,7.562522028,1e-05,synthetic_analytical
0.063,184,7.464739836,1e-05,synthetic_analytical
0.064,184,7.359590848,1e-05,synthetic_analytical
0.065,184,7.247178831,1e-05,synthetic_analytical
0.066,184,7.127614724,1e-05,synthetic_analytical
0.067,184,7.001016522,1e-05,synthetic_analytical
0.068,184,6.867509162,1e-05,synthetic_analytical
0.069,184,6.727224399,1e-05,synthetic_analytical
0.07,184,6.580300679,1e-05,synthetic_analytical
0.071,184,6.426882995,1e-05,synthetic_analytical
0.072,184,6.267122755,1e-05,synthetic_analytical
0.073,184,6.10117762,1e-05,synthetic_analytical
0.074,184,5.92921136,1e-05,synthetic_analytical
0.075,184,5.751393684,1e-05,synthetic_analytical
0.076,184,5.567900077,1e-05,synthetic_analytical
0.077,184,5.378911625,1e-05,synthetic_analytical
0.078,184,5.184614837,1e-05,synthetic_analytical
0.079,184,4.985201459,1e-05,synthetic_analytical
0.08,184,4.78086829,1e-05,synthetic_analytical
0.081,184,4.571816981,1e-05,synthetic_analytical
0.082,184,4.35825384,1e-05,synthetic_analytical
0.083,184,4.140389629,1e-05,synthetic_analytical
0.084,184,3.918439354,1e-05,synthetic_analytical
0.085,184,3.692622052,1e-05,synthetic_analytical
0.086,184,3.463160577,1e-05,synthetic_analytical
0.087,184,3.230281381,1e-05,synthetic_analytical
0.088,184,2.994214288,1e-05,synthetic_analytical
0.089,184,2.755192267,1e-05,synthetic_analytical
0.09,184,2.513451203,1e-05,synthetic_analytical
0.091,184,2.269229667,1e-05,synthetic_analytical
0.092,184,2.022768674,1e-05,synthetic_analytical
0.093,184,1.774311454,1e-05,synthetic_analytical
0.094,184,1.524103202,1e-05,synthetic_analytical
0.095,184,1.272390844,1e-05,synthetic_analytical
0.096,184,1.01942279,1e-05,synthetic_analytical
0.097,184,0.7654486893,1e-05,synthetic_analytical
0.098,184,0.5107191828,1e-05,synthetic_analytical
0.099,184,0.2554856582,1e-05,synthetic_analytical
0.1,184,9.960908386e-16,1e-05,synthetic_analytical
0,188,0,1e-05,synthetic_analytical
0.001,188,0.2455959874,1e-05,synthetic_analytical
0.002,188,0.4909496011,1e-05,synthetic_analytical
0.003,188,0.7358187069,1e-05,synthetic_analytical
0.004,188,0.9799616485,1e-05,synthetic_analytical
0.005,188,1.223137486,1e-05,synthetic_analytical
0.006,188,1.465106235,1e-05,synthetic_analytical
0.007,188,1.705629101,1e-05,synthetic_analytical
0.008,188,1.944468716,1e-05,synthetic_analytical
0.009,188,2.181389376,1e-05,synthetic_analytical
0.01,188,2.416157268,1e-05,synthetic_analytical
0.011,188,2.648540705,1e-05,synthetic_analytical
0.012,188,2.878310351,1e-05,synthetic_analytical
0.013,188,3.105239453,1e-05,synthetic_analytical
0.014,188,3.329104058,1e-05,synthetic_analytical
0.015,188,3.549683239,1e-05,synthetic_analytical
0.016,188,3.766759312,1e-05,synthetic_analytical
0.017,188,3.980118048,1e-05,synthetic_analytical
0.018,188,4.189548888,1e-05,synthetic_analytical
0.019,188,4.394845149,1e-05,synthetic_analytical
0.02,188,4.595804229,1e-05,synthetic_analytical
0.021,188,4.792227804,1e-05,synthetic_analytical
0.022,188,4.983922029,1e-05,synthetic_analytical
0.023,188,5.170697725,1e-05,synthetic_analytical
0.024,188,5.352370567,1e-05,synthetic_analytical
0.025,188,5.528761265,1e-05,synthetic_analytical
0.026,188,5.699695743,1e-05,synthetic_analytical
0.027,188,5.86500531,1e-05,synthetic_analytical
0.028,188,6.024526824,1e-05,synthetic_analytical
0.029,188,6.178102858,1e-05,synthetic_analytical
0.03,188,6.32558185,1e-05,synthetic_analytical
0.031,188,6.466818257,1e-05,synthetic_analytical
0.032,188,6.601672695,1e-05,synthetic_analytical
0.033,188,6.730012078,1e-05,synthetic_analytical
0.034,188,6.851709753,1e-05,synthetic_analytical
0.035,188,6.966645617,1e-05,synthetic_analytical
0.036,188,7.074706243,1e-05,synthetic_analytical
0.037,188,7.175784988,1e-05,synthetic_analytical
0.038,188,7.2697821,1e-05,synthetic_analytical
0.039,188,7.356604814,1e-05,synthetic_analytical
0.04,188,7.436167448,1e-05,synthetic_analytical
0.041,188,7.508391482,1e-05,synthetic_analytical
0.042,188,7.57320564,1e-05,synthetic_analytical
0.043,188,7.630545958,1e-05,synthetic_analytical
0.044,188,7.680355849,1e-05,synthetic_analytical
0.045,188,7.722586156,1e-05,synthetic_analytical
0.046,188,7.757195203,1e-05,synthetic_analytical
0.047,188,7.784148835,1e-05,synthetic_analytical
0.048,188,7.803420451,1e-05,synthetic_analytical
0.049,188,7.814991034,1e-05,synthetic_analytical
0.05,188,7.818849164,1e-05,synthetic_analytical
0.051,188,7.814991034,1e-05,synthetic_analytical
0.052,188,7.803420451,1e-05,synthetic_analytical
0.053,188,7.784148835,1e-05,synthetic_analytical
0.054,188,7.757195203,1e-05,synthetic_analytical
0.055,188,7.722586156,1e-05,synthetic_analytical
0.056,188,7.680355849,1e-05,synthetic_analytical
0.057,188,7.630545958,1e-05,synthetic_analytical
0.058,188,7.57320564,1e-05,synthetic_analytical
0.059,188,7.508391482,1e-05,synthetic_analytical
0.06,188,7.436167448,1e-05,synthetic_analytical
0.061,188,7.356604814,1e-05,synthetic_analytical
0.062,188,7.2697821,1e-05,synthetic_analytical
0.063,188,7.175784988,1e-05,synthetic_analytical
0.064,188,7.074706243,1e-05,synthetic_analytical
0.065,188,6.966645617,1e-05,synthetic_analytical
0.066,188,6.851709753,1e-05,synthetic_analytical
0.067,188,6.730012078,1e-05,synthetic_analytical
0.068,188,6.601672695,1e-05,synthetic_analytical
0.069,188,6.466818257,1e-05,synthetic_analytical
0.07,188,6.32558185,1e-05,synthetic_analytical
0.071,188,6.178102858,1e-05,synthetic_analytical
0.072,188,6.024526824,1e-05,synthetic_analytical
0.073,188,5.86500531,1e-05,synthetic_analytical
0.074,188,5.699695743,1e-05,synthetic_analytical
0.075,188,5.528761265,1e-05,synthetic_analytical
0.076,188,5.352370567,1e-05,synthetic_analytical
0.077,188,5.170697725,1e-05,synthetic_analytical
0.078,188,4.983922029,1e-05,synthetic_analytical
0.079,188,4.792227804,1e-05,synthetic_analytical
0.08,188,4.595804229,1e-05,synthetic_analytical
0.081,188,4.394845149,1e-05,synthetic_analytical
0.082,188,4.189548888,1e-05,synthetic_analytical
0.083,188,3.980118048,1e-05,synthetic_analytical
0.084,188,3.766759312,1e-05,synthetic_analytical
0.085,188,3.549683239,1e-05,synthetic_analytical
0.086,188,3.329104058,1e-05,synthetic_analytical
0.087,188,3.105239453,1e-05,synthetic_analytical
0.088,188,2.878310351,1e-05,synthetic_analytical
0.089,188,2.648540705,1e-05,synthetic_analytical
0.09,188,2.416157268,1e-05,synthetic_analytical
0.091,188,2.181389376,1e-05,synthetic_analytical
0.092,188,1.944468716,1e-05,synthetic_analytical
0.093,188,1.705629101,1e-05,synthetic_analytical
0.094,188,1.465106235,1e-05,synthetic_analytical
0.095,188,1.223137486,1e-05,synthetic_analytical
0.096,188,0.9799616485,1e-05,synthetic_analytical
0.097,188,0.7358187069,1e-05,synthetic_analytical
0.098,188,0.4909496011,1e-05,synthetic_analytical
0.099,188,0.2455959874,1e-05,synthetic_analytical
0.1,188,9.575328602e-16,1e-05,synthetic_analytical
0,192,0,1e-05,synthetic_analytical
0.001,192,0.2360891388,1e-05,synthetic_analytical
0.002,192,0.4719452861,1e-05,synthetic_analytical
0.003,192,0.7073356804,1e-05,synthetic_analytical
0.004,192,0.9420280198,1e-05,synthetic_analytical
0.005,192,1.175790691,1e-05,synthetic_analytical
0.006,192,1.408392999,1e-05,synthetic_analytical
0.007,192,1.639605393,1e-05,synthetic_analytical
0.008,192,1.869199695,1e-05,synthetic_analytical
0.009,192,2.096949322,1e-05,synthetic_analytical
0.01,192,2.322629513,1e-05,synthetic_analytical
0.011,192,2.54601755,1e-05,synthetic_analytical
0.012,192,2.766892974,1e-05,synthetic_analytical
0.013,192,2.985037809,1e-05,synthetic_analytical
0.014,192,3.200236773,1e-05,synthetic_analytical
0.015,192,3.412277489,1e-05,synthetic_analytical
0.016,192,3.620950699,1e-05,synthetic_analytical
0.017,192,3.826050467,1e-05,synthetic_analytical
0.018,192,4.027374386,1e-05,synthetic_analytical
0.019,192,4.224723773,1e-05,synthetic_analytical
0.02,192,4.417903867,1e-05,synthetic_analytical
0.021,192,4.606724024,1e-05,synthetic_analytical
0.022,192,4.7909979,1e-05,synthetic_analytical
0.023,192,4.97054364,1e-05,synthetic_analytical
0.024,192,5.145184053,1e-05,synthetic_analytical
0.025,192,5.314746791,1e-05,synthetic_analytical
0.026,192,5.479064515,1e-05,synthetic_analytical
0.027,192,5.637975064,1e-05,synthetic_analytical
0.028,192,5.791321612,1e-05,synthetic_analytical
0.029,192,5.938952826,1e-05,synthetic_analytical
0.03,192,6.080723009,1e-05,synthetic_analytical
0.031,192,6.216492254,1e-05,synthetic_analytical
0.032,192,6.346126571,1e-05,synthetic_analytical
0.033,192,6.469498027,1e-05,synthetic_analytical
0.034,192,6.586484869,1e-05,synthetic_analytical
0.035,192,6.696971647,1e-05,synthetic_analytical
0.036,192,6.800849322,1e-05,synthetic_analytical
0.037,192,6.898015379,1e-05,synthetic_analytical
0.038,192,6.988373929,1e-05,synthetic_analytical
0.039,192,7.071835797,1e-05,synthetic_analytical
0.04,192,7.148318616,1e-05,synthetic_analytical
0.041,192,7.217746909,1e-05,synthetic_analytical
0.042,192,7.280052156,1e-05,synthetic_analytical
0.043,192,7.335172871,1e-05,synthetic_analytical
0.044,192,7.383054656,1e-05,synthetic_analytical
0.045,192,7.423650258,1e-05,synthetic_analytical
0.046,192,7.456919612,1e-05,synthetic_analytical
0.047,192,7.482829888,1e-05,synthetic_analytical
0.048,192,7.501355514,1e-05,synthetic_analytical
0.049,192,7.512478207,1e-05,synthetic_analytical
0.05,192,7.516186992,1e-05,synthetic_analytical
0.051,192,7.512478207,1e-05,synthetic_analytical
0.052,192,7.501355514,1e-05,synthetic_analytical
0.053,192,7.482829888,1e-05,synthetic_analytical
0.054,192,7.456919612,1e-05,synthetic_analytical
0.055,192,7.423650258,1e-05,synthetic_analytical
0.056,192,7.383054656,1e-05,synthetic_analytical
0.057,192,7.335172871,1e-05,synthetic_analytical
0.058,192,7.280052156,1e-05,synthetic_analytical
0.059,192,7.217746909,1e-05,synthetic_analytical
0.06,192,7.148318616,1e-05,synthetic_analytical
0.061,192,7.071835797,1e-05,synthetic_analytical
0.062,192,6.988373929,1e-05,synthetic_analytical
0.063,192,6.898015379,1e-05,synthetic_analytical
0.064,192,6.800849322,1e-05,synthetic_analytical
0.065,192,6.696971647,1e-05,synthetic_analytical
0.066,192,6.586484869,1e-05,synthetic_analytical
0.067,192,6.469498027,1e-05,synthetic_analytical
0.068,192,6.346126571,1e-05,synthetic_analytical
0.069,192,6.216492254,1e-05,synthetic_analytical
0.07,192,6.080723009,1e-05,synthetic_analytical
0.071,192,5.938952826,1e-05,synthetic_analytical
0.072,192,5.791321612,1e-05,synthetic_analytical
0.073,192,5.637975064,1e-05,synthetic_analytical
0.074,192,5.479064515,1e-05,synthetic_analytical
0.075,192,5.314746791,1e-05,synthetic_analytical
0.076,192,5.145184053,1e-05,synthetic_analytical
0.077,192,4.97054364,1e-05,synthetic_analytical
0.078,192,4.7909979,1e-05,synthetic_analytical
0.079,192,4.606724024,1e-05,synthetic_analytical
0.08,192,4.417903867,1e-05,synthetic_analytical
0.081,192,4.224723773,1e-05,synthetic_analytical
0.082,192,4.027374386,1e-05,synthetic_analytical
0.083,192,3.826050467,1e-05,synthetic_analytical
0.084,192,3.620950699,1e-05,synthetic_analytical
0.085,192,3.412277489,1e-05,synthetic_analytical
0.086,192,3.200236773,1e-05,synthetic_analytical
0.087,192,2.985037809,1e-05,synthetic_analytical
0.088,192,2.766892974,1e-05,synthetic_analytical
0.089,192,2.54601755,1e-05,synthetic_analytical
0.09,192,2.322629513,1e-05,synthetic_analytical
0.091,192,2.096949322,1e-05,synthetic_analytical
0.092,192,1.869199695,1e-05,synthetic_analytical
0.093,192,1.639605393,1e-05,synthetic_analytical
0.094,192,1.408392999,1e-05,synthetic_analytical
0.095,192,1.175790691,1e-05,synthetic_analytical
0.096,192,0.9420280198,1e-05,synthetic_analytical
0.097,192,0.7073356804,1e-05,synthetic_analytical
0.098,192,0.4719452861,1e-05,synthetic_analytical
0.099,192,0.2360891388,1e-05,synthetic_analytical
0.1,192,9.204674341e-16,1e-05,synthetic_analytical
0,196,0,1e-05,synthetic_analytical
0.001,196,0.2269502937,1e-05,synthetic_analytical
0.002,196,0.4536766148,1e-05,synthetic_analytical
0.003,196,0.6799552119,1e-05,synthetic_analytical
0.004,196,0.9055627752,1e-05,synthetic_analytical
0.005,196,1.130276657,1e-05,synthetic_analytical
0.006,196,1.353875093,1e-05,synthetic_analytical
0.007,196,1.576137417,1e-05,synthetic_analytical
0.008,196,1.796844285,1e-05,synthetic_analytical
0.009,196,2.015777883,1e-05,synthetic_analytical
0.01,196,2.232722152,1e-05,synthetic_analytical
0.011,196,2.447462995,1e-05,synthetic_analytical
0.012,196,2.659788486,1e-05,synthetic_analytical
0.013,196,2.869489088,1e-05,synthetic_analytical
0.014,196,3.07635785,1e-05,synthetic_analytical
0.015,196,3.280190618,1e-05,synthetic_analytical
0.016,196,3.480786234,1e-05,synthetic_analytical
0.017,196,3.677946735,1e-05,synthetic_analytical
0.018,196,3.871477546,1e-05,synthetic_analytical
0.019,196,4.061187676,1e-05,synthetic_analytical
0.02,196,4.246889904,1e-05,synthetic_analytical
0.021,196,4.428400965,1e-05,synthetic_analytical
0.022,196,4.605541729,1e-05,synthetic_analytical
0.023,196,4.778137378,1e-05,synthetic_analytical
0.024,196,4.946017584,1e-05,synthetic_analytical
0.025,196,5.109016667,1e-05,synthetic_analytical
0.026,196,5.266973767,1e-05,synthetic_analytical
0.027,196,5.419733,1e-05,synthetic_analytical
0.028,196,5.567143611,1e-05,synthetic_analytical
0.029,196,5.709060123,1e-05,synthetic_analytical
0.03,196,5.845342483,1e-05,synthetic_analytical
0.031,196,5.975856195,1e-05,synthetic_analytical
0.032,196,6.100472458,1e-05,synthetic_analytical
0.033,196,6.219068291,1e-05,synthetic_analytical
0.034,196,6.331526655,1e-05,synthetic_analytical
0.035,196,6.437736567,1e-05,synthetic_analytical
0.036,196,6.53759321,1e-05,synthetic_analytical
0.037,196,6.630998038,1e-05,synthetic_analytical
0.038,196,6.717858871,1e-05,synthetic_analytical
0.039,196,6.798089988,1e-05,synthetic_analytical
0.04,196,6.871612212,1e-05,synthetic_analytical
0.041,196,6.938352983,1e-05,synthetic_analytical
0.042,196,6.998246439,1e-05,synthetic_analytical
0.043,196,7.051233469,1e-05,synthetic_analytical
0.044,196,7.097261784,1e-05,synthetic_analytical
0.045,196,7.136285958,1e-05,synthetic_analytical
0.046,196,7.16826748,1e-05,synthetic_analytical
0.047,196,7.193174786,1e-05,synthetic_analytical
0.048,196,7.210983298,1e-05,synthetic_analytical
0.049,196,7.22167544,1e-05,synthetic_analytical
0.05,196,7.22524066,1e-05,synthetic_analytical
0.051,196,7.22167544,1e-05,synthetic_analytical
0.052,196,7.210983298,1e-05,synthetic_analytical
0.053,196,7.193174786,1e-05,synthetic_analytical
0.054,196,7.16826748,1e-05,synthetic_analytical
0.055,196,7.136285958,1e-05,synthetic_analytical
0.056,196,7.097261784,1e-05,synthetic_analytical
0.057,196,7.051233469,1e-05,synthetic_analytical
0.058,196,6.998246439,1e-05,synthetic_analytical
0.059,196,6.938352983,1e-05,synthetic_analytical
0.06,196,6.871612212,1e-05,synthetic_analytical
0.061,196,6.798089988,1e-05,synthetic_analytical
0.062,196,6.717858871,1e-05,synthetic_analytical
0.063,196,6.630998038,1e-05,synthetic_analytical
0.064,196,6.53759321,1e-05,synthetic_analytical
0.065,196,6.437736567,1e-05,synthetic_analytical
0.066,196,6.331526655,1e-05,synthetic_analytical
0.067,196,6.219068291,1e-05,synthetic_analytical
0.068,196,6.100472458,1e-05,synthetic_analytical
0.069,196,5.975856195,1e-05,synthetic_analytical
0.07,196,5.845342483,1e-05,synthetic_analytical
0.071,196,5.709060123,1e-05,synthetic_analytical
0.072,196,5.567143611,1e-05,synthetic_analytical
0.073,196,5.419733,1e-05,synthetic_analytical
0.074,196,5.266973767,1e-05,synthetic_analytical
0.075,196,5.109016667,1e-05,synthetic_analytical
0.076,196,4.946017584,1e-05,synthetic_analytical
0.077,196,4.778137378,1e-05,synthetic_analytical
0.078,196,4.605541729,1e-05,synthetic_analytical
0.079,196,4.428400965,1e-05,synthetic_analytical
0.08,196,4.246889904,1e-05,synthetic_analytical
0.081,196,4.061187676,1e-05,synthetic_analytical
0.082,196,3.871477546,1e-05,synthetic_analytical
0.083,196,3.677946735,1e-05,synthetic_analytical
0.084,196,3.480786234,1e-05,synthetic_analytical
0.085,196,3.280190618,1e-05,synthetic_analytical
0.086,196,3.07635785,1e-05,synthetic_analytical
0.087,196,2.869489088,1e-05,synthetic_analytical
0.088,196,2.659788486,1e-05,synthetic_analytical
0.089,196,2.447462995,1e-05,synthetic_analytical
0.09,196,2.232722152,1e-05,synthetic_analytical
0.091,196,2.015777883,1e-05,synthetic_analytical
0.092,196,1.796844285,1e-05,synthetic_analytical
0.093,196,1.576137417,1e-05,synthetic_analytical
0.094,196,1.353875093,1e-05,synthetic_analytical
0.095,196,1.130276657,1e-05,synthetic_analytical
0.096,196,0.9055627752,1e-05,synthetic_analytical
0.097,196,0.6799552119,1e-05,synthetic_analytical
0.098,196,0.4536766148,1e-05,synthetic_analytical
0.099,196,0.2269502937,1e-05,synthetic_analytical
0.1,196,8.848367848e-16,1e-05,synthetic_analytical
0,200,0,1e-05,synthetic_analytical
0.001,200,0.2181652068,1e-05,synthetic_analytical
0.002,200,0.4361151109,1e-05,synthetic_analytical
0.003,200,0.6536346221,1e-05,synthetic_analytical
0.004,200,0.8705090747,1e-05,synthetic_analytical
0.005,200,1.08652444,1e-05,synthetic_analytical
0.006,200,1.301467537,1e-05,synthetic_analytical
0.007,200,1.515126242,1e-05,synthetic_analytical
0.008,200,1.727289701,1e-05,synthetic_analytical
0.009,200,1.937748534,1e-05,synthetic_analytical
0.01,200,2.146295042,1e-05,synthetic_analytical
0.011,200,2.352723417,1e-05,synthetic_analytical
0.012,200,2.556829938,1e-05,synthetic_analytical
0.013,200,2.758413176,1e-05,synthetic_analytical
0.014,200,2.957274193,1e-05,synthetic_analytical
0.015,200,3.153216738,1e-05,synthetic_analytical
0.016,200,3.346047438,1e-05,synthetic_analytical
0.017,200,3.535575994,1e-05,synthetic_analytical
0.018,200,3.721615363,1e-05,synthetic_analytical
0.019,200,3.903981947,1e-05,synthetic_analytical
0.02,200,4.082495772,1e-05,synthetic_analytical
0.021,200,4.256980667,1e-05,synthetic_analytical
0.022,200,4.427264435,1e-05,synthetic_analytical
0.023,200,4.593179029,1e-05,synthetic_analytical
0.024,200,4.754560709,1e-05,synthetic_analytical
0.025,200,4.911250211,1e-05,synthetic_analytical
0.026,200,5.063092903,1e-05,synthetic_analytical
0.027,200,5.209938933,1e-05,synthetic_analytical
0.028,200,5.351643383,1e-05,synthetic_analytical
0.029,200,5.488066406,1e-05,synthetic_analytical
0.03,200,5.619073371,1e-05,synthetic_analytical
0.031,200,5.744534989,1e-05,synthetic_analytical
0.032,200,5.864327444,1e-05,synthetic_analytical
0.033,200,5.978332516,1e-05,synthetic_analytical
0.034,200,6.086437695,1e-05,synthetic_analytical
0.035,200,6.188536296,1e-05,synthetic_analytical
0.036,200,6.284527558,1e-05,synthetic_analytical
0.037,200,6.37431675,1e-05,synthetic_analytical
0.038,200,6.457815261,1e-05,synthetic_analytical
0.039,200,6.534940688,1e-05,synthetic_analytical
0.04,200,6.605616918,1e-05,synthetic_analytical
0.041,200,6.669774201,1e-05,synthetic_analytical
0.042,200,6.727349223,1e-05,synthetic_analytical
0.043,200,6.778285163,1e-05,synthetic_analytical
0.044,200,6.822531754,1e-05,synthetic_analytical
0.045,200,6.860045329,1e-05,synthetic_analytical
0.046,200,6.890788868,1e-05,synthetic_analytical
0.047,200,6.914732031,1e-05,synthetic_analytical
0.048,200,6.931851188,1e-05,synthetic_analytical
0.049,200,6.942129444,1e-05,synthetic_analytical
0.05,200,6.945556657,1e-05,synthetic_analytical
0.051,200,6.942129444,1e-05,synthetic_analytical
0.052,200,6.931851188,1e-05,synthetic_analytical
0.053,200,6.914732031,1e-05,synthetic_analytical
0.054,200,6.890788868,1e-05,synthetic_analytical
0.055,200,6.860045329,1e-05,synthetic_analytical
0.056,200,6.822531754,1e-05,synthetic_analytical
0.057,200,6.778285163,1e-05,synthetic_analytical
0.058,200,6.727349223,1e-05,synthetic_analytical
0.059,200,6.669774201,1e-05,synthetic_analytical
0.06,200,6.605616918,1e-05,synthetic_analytical
0.061,200,6.534940688,1e-05,synthetic_analytical
0.062,200,6.457815261,1e-05,synthetic_analytical
0.063,200,6.37431675,1e-05,synthetic_analytical
0.064,200,6.284527558,1e-05,synthetic_analytical
0.065,200,6.188536296,1e-05,synthetic_analytical
0.066,200,6.086437695,1e-05,synthetic_analytical
0.067,200,5.978332516,1e-05,synthetic_analytical
0.068,200,5.864327444,1e-05,synthetic_analytical
0.069,200,5.744534989,1e-05,synthetic_analytical
0.07,200,5.619073371,1e-05,synthetic_analytical
0.071,200,5.488066406,1e-05,synthetic_analytical
0.072,200,5.351643383,1e-05,synthetic_analytical
0.073,200,5.209938933,1e-05,synthetic_analytical
0.074,200,5.063092903,1e-05,synthetic_analytical
0.075,200,4.911250211,1e-05,synthetic_analytical
0.076,200,4.754560709,1e-05,synthetic_analytical
0.077,200,4.593179029,1e-05,synthetic_analytical
0.078,200,4.427264435,1e-05,synthetic_analytical
0.079,200,4.256980667,1e-05,synthetic_analytical
0.08,200,4.082495772,1e-05,synthetic_analytical
0.081,200,3.903981947,1e-05,synthetic_analytical
0.082,200,3.721615363,1e-05,synthetic_analytical
0.083,200,3.535575994,1e-05,synthetic_analytical
0.084,200,3.346047438,1e-05,synthetic_analytical
0.085,200,3.153216738,1e-05,synthetic_analytical
0.086,200,2.957274193,1e-05,synthetic_analytical
0.087,200,2.758413176,1e-05,synthetic_analytical
0.088,200,2.556829938,1e-05,synthetic_analytical
0.089,200,2.352723417,1e-05,synthetic_analytical
0.09,200,2.146295042,1e-05,synthetic_analytical
0.091,200,1.937748534,1e-05,synthetic_analytical
0.092,200,1.727289701,1e-05,synthetic_analytical
0.093,200,1.515126242,1e-05,synthetic_analytical
0.094,200,1.301467537,1e-05,synthetic_analytical
0.095,200,1.08652444,1e-05,synthetic_analytical
0.096,200,0.8705090747,1e-05,synthetic_analytical
0.097,200,0.6536346221,1e-05,synthetic_analytical
0.098,200,0.4361151109,1e-05,synthetic_analytical
0.099,200,0.2181652068,1e-05,synthetic_analytical
0.1,200,8.505853728e-16,1e-05,synthetic_analytical
